"RNAID","prct_dedup","Run"
"RNA015584",62.81,"Cohort1"
"RNA015585",37.92,"Cohort1"
"RNA015586",60.31,"Cohort1"
"RNA015587",62.07,"Cohort1"
"RNA015588",65.57,"Cohort1"
"RNA015589",63.16,"Cohort1"
"RNA015590",62.11,"Cohort1"
"RNA015591",64.05,"Cohort1"
"RNA015592",69.85,"Cohort1"
"RNA015593",70.93,"Cohort1"
"RNA015594",57.29,"Cohort1"
"RNA015595",63.91,"Cohort1"
"RNA015596",62.04,"Cohort1"
"RNA015597",68.73,"Cohort1"
"RNA015598",80.48,"Cohort1"
"RNA015599",67.05,"Cohort1"
"RNA015600",55.01,"Cohort1"
"RNA015601",64.59,"Cohort1"
"RNA015602",71.52,"Cohort1"
"RNA015603",59.49,"Cohort1"
"RNA015604",60.44,"Cohort1"
"RNA015605",59.61,"Cohort1"
"RNA015606",72.35,"Cohort1"
"RNA015607",60.96,"Cohort1"
"RNA015715",66.98,"Cohort1"
"RNA015716",62.85,"Cohort1"
"RNA015717",67.4,"Cohort1"
"RNA015718",59.9,"Cohort1"
"RNA015719",56.91,"Cohort1"
"RNA015720",68.11,"Cohort1"
"RNA015721",65.75,"Cohort1"
"RNA015722",68.2,"Cohort1"
"RNA015723",70.99,"Cohort1"
"RNA015724",70.54,"Cohort1"
"RNA015725",56.04,"Cohort1"
"RNA015726",71.17,"Cohort1"
"RNA015727",63.66,"Cohort1"
"RNA015728",55.46,"Cohort1"
"RNA015729",70.74,"Cohort1"
"RNA015730",58.1,"Cohort1"
"RNA015731",57.52,"Cohort1"
"RNA015732",53.86,"Cohort1"
"RNA015733",64.01,"Cohort1"
"RNA015734",52.41,"Cohort1"
"RNA015735",56.12,"Cohort1"
"RNA015736",66.43,"Cohort1"
"RNA015737",70.18,"Cohort1"
"RNA015738",64.78,"Cohort1"
"RNA015780",62.4,"Cohort1"
"RNA015781",62.95,"Cohort1"
"RNA015782",62.13,"Cohort1"
"RNA015783",68.6,"Cohort1"
"RNA015784",67.5,"Cohort1"
"RNA015785",68.46,"Cohort1"
"RNA015786",60.04,"Cohort1"
"RNA015787",67.19,"Cohort1"
"RNA015788",51.91,"Cohort1"
"RNA015789",75.04,"Cohort1"
"RNA015790",73.76,"Cohort1"
"RNA015791",60.96,"Cohort1"
"RNA015822",71.47,"Cohort1"
"RNA015823",63.05,"Cohort1"
"RNA015824",64.65,"Cohort1"
"RNA015825",60.49,"Cohort1"
"RNA015826",67.26,"Cohort1"
"RNA015827",68.81,"Cohort1"
"RNA015828",57.12,"Cohort1"
"RNA015829",62.13,"Cohort1"
"RNA015830",66,"Cohort1"
"RNA015831",59.6,"Cohort1"
"RNA015832",72.19,"Cohort1"
"RNA015833",69.48,"Cohort1"
"RNA015834",69.27,"Cohort1"
"RNA015835",68.94,"Cohort1"
"RNA015836",62.19,"Cohort1"
"RNA015837",71.48,"Cohort1"
"RNA015838",61.74,"Cohort1"
"RNA015839",72.67,"Cohort1"
"RNA015840",71.5,"Cohort1"
"RNA015841",69.7,"Cohort1"
"RNA015842",71.73,"Cohort1"
"RNA015843",70.15,"Cohort1"
"RNA015844",67.8,"Cohort1"
"RNA015845",61.21,"Cohort1"
"RNA015846",69.49,"Cohort1"
"RNA015847",56.94,"Cohort1"
"RNA015848",53.63,"Cohort1"
"RNA015849",61.47,"Cohort1"
"RNA015850",56.92,"Cohort1"
"RNA015851",66.49,"Cohort1"
"RNA015852",77.3,"Cohort1"
"RNA015853",64.31,"Cohort1"
"RNA015854",65.02,"Cohort1"
"RNA015855",83,"Cohort1"
"RNA015856",56.33,"Cohort1"
"RNA015857",55.48,"Cohort1"
"RNA015858",68.53,"Cohort1"
"RNA015859",66.61,"Cohort1"
"RNA015860",63.84,"Cohort1"
"RNA015861",64.81,"Cohort1"
"RNA015862",61.59,"Cohort1"
"RNA015863",72.06,"Cohort1"
"RNA015864",23.76,"Cohort1"
"RNA015865",51.55,"Cohort1"
"RNA015866",68.63,"Cohort1"
"RNA015867",66.95,"Cohort1"
"RNA015868",67.52,"Cohort1"
"RNA015869",68.79,"Cohort1"
"RNA015970",66.07,"Cohort1"
"RNA015971",68.03,"Cohort1"
"RNA015972",57.73,"Cohort1"
"RNA015973",61.63,"Cohort1"
"RNA015974",61.41,"Cohort1"
"RNA022999",24.44,"Run581"
"RNA023000",29.07,"Run581"
"RNA023001",37.44,"Run581"
"RNA023002",52.42,"Run581"
"RNA023003",10.21,"Run581"
"RNA023004",10.26,"Run581"
"RNA023005",21.19,"Run581"
"RNA023006",21.3,"Run581"
"RNA023007",23.74,"Run581"
"RNA023008",16.65,"Run581"
"RNA023009",21.3,"Run581"
"RNA023010",46.12,"Run581"
"RNA023011",29.78,"Run581"
"RNA023012",34.26,"Run581"
"RNA023013",35.44,"Run581"
"RNA023014",20.9,"Run581"
"RNA023015",33.65,"Run581"
"RNA023016",52.43,"Run581"
"RNA023017",46.95,"Run581"
"RNA023018",46.05,"Run581"
"RNA023019",27.88,"Run581"
"RNA023020",40.8,"Run581"
"RNA023021",36.47,"Run581"
"RNA023022",44.14,"Run581"
"RNA023023",19.32,"Run581"
"RNA023024",20.45,"Run581"
"RNA023025",36.61,"Run581"
"RNA023026",21.15,"Run581"
"RNA023027",30.51,"Run581"
"RNA023028",37.19,"Run581"
"RNA023029",29.34,"Run581"
"RNA023030",40.16,"Run581"
"RNA023031",33.06,"Run581"
"RNA023032",47.57,"Run581"
"RNA023033",28.78,"Run581"
"RNA023034",84.3,"Run581"
"RNA023035",37.25,"Run581"
"RNA023036",32.4,"Run581"
"RNA023037",35.89,"Run581"
"RNA023039",60.55,"Run581"
"RNA023040",20.39,"Run581"
"RNA023041",48.86,"Run581"
"RNA023042",44.37,"Run581"
"RNA023044",37.78,"Run581"
"RNA023045",33.43,"Run581"
"RNA023046",73.63,"Run581"
"RNA023047",24.94,"Run581"
"RNA023048",18.86,"Run581"
"RNA023049",28.41,"Run581"
"RNA023050",44.63,"Run581"
"RNA023051",25.84,"Run581"
"RNA023052",39.98,"Run581"
"RNA023053",46.47,"Run581"
"RNA023054",44.69,"Run581"
"RNA023055",47.77,"Run581"
"RNA023056",40.06,"Run581"
"RNA023057",31.45,"Run581"
"RNA023058",21.95,"Run581"
"RNA023059",16.41,"Run581"
"RNA023060",14.61,"Run581"
"RNA023061",46.43,"Run581"
"RNA023062",28.51,"Run581"
"RNA023063",51.89,"Run581"
"RNA023064",46,"Run581"
"RNA023065",39.59,"Run581"
"RNA023066",26.05,"Run581"
"RNA023067",34.62,"Run581"
"RNA023068",24.36,"Run581"
"RNA023069",23.71,"Run581"
"RNA023070",19.02,"Run581"
"RNA023071",22.83,"Run581"
"RNA023072",50.39,"Run581"
"RNA023073",35.33,"Run581"
"RNA023074",41.15,"Run581"
"RNA023075",19.45,"Run581"
"RNA023076",38.48,"Run581"
"RNA023077",35.18,"Run581"
"RNA023078",14.34,"Run581"
"RNA023079",5.66,"Run581"
"RNA023080",24.28,"Run581"
"RNA023081",21.91,"Run581"
"RNA023082",25.35,"Run581"
"RNA023083",28.26,"Run581"
"RNA023084",29.06,"Run581"
"RNA023085",42.53,"Run581"
"RNA023086",33.36,"Run581"
"RNA023087",37.76,"Run581"
"RNA023088",54.15,"Run581"
"RNA023089",35.26,"Run581"
"RNA023091",49.22,"Run581"
"RNA023092",35.52,"Run581"
"RNA023093",32,"Run581"
"RNA023094",43.6,"Run581"
"RNA023095",19.24,"Run581"
"RNA023096",31.26,"Run581"
"RNA023097",25.16,"Run581"
"RNA023098",28.58,"Run581"
"RNA023099",16.01,"Run581"
"RNA023100",45.48,"Run581"
"RNA023101",21.59,"Run581"
"RNA023102",29.27,"Run581"
"RNA023103",18.68,"Run581"
"RNA023104",30.19,"Run581"
"RNA023105",23.2,"Run581"
"RNA023106",36.84,"Run581"
"RNA023107",16.97,"Run581"
"RNA023108",11.08,"Run581"
"RNA023109",19.43,"Run581"
"RNA023110",24.78,"Run581"
"RNA023111",29.39,"Run581"
"RNA023112",35.09,"Run581"
"RNA023113",26.59,"Run581"
"RNA023114",35.22,"Run581"
"RNA023115",27.53,"Run581"
"RNA023116",60.04,"Run581"
"RNA023117",20.06,"Run581"
"RNA023118",37.5,"Run581"
"RNA023119",10.97,"Run581"
"RNA023120",19.69,"Run581"
"RNA023121",36.98,"Run581"
"RNA023122",70.8,"Run581"
"RNA023123",18.77,"Run581"
"RNA023124",26.07,"Run581"
"RNA023125",25.48,"Run581"
"RNA023126",20.86,"Run581"
"RNA023127",21.9,"Run581"
"RNA023128",28.28,"Run581"
"RNA023129",18.18,"Run581"
"RNA023130",26.78,"Run581"
"RNA023131",26.14,"Run581"
"RNA023132",23.18,"Run581"
"RNA023133",21.39,"Run581"
"RNA023134",38.85,"Run581"
"RNA023135",30.13,"Run581"
"RNA023136",31.73,"Run581"
"RNA023137",30.98,"Run581"
"RNA023138",19.26,"Run581"
"RNA023139",18.2,"Run581"
"RNA023140",16.13,"Run581"
"RNA023141",14.47,"Run581"
"RNA023142",17.37,"Run581"
"RNA023143",18.2,"Run581"
"RNA023145",39.61,"Run581"
"RNA023146",45.69,"Run581"
"RNA023147",32.97,"Run581"
"RNA023148",42.51,"Run581"
"RNA023149",22.45,"Run581"
"RNA023150",25.53,"Run581"
"RNA023151",28.16,"Run581"
"RNA023152",38.96,"Run581"
"RNA023153",13.48,"Run581"
"RNA023154",19.14,"Run581"
"RNA023155",24.41,"Run581"
"RNA023156",21.84,"Run581"
"RNA023157",16.49,"Run581"
"RNA023158",21.65,"Run581"
"RNA023159",12.59,"Run581"
"RNA023160",16.22,"Run581"
"RNA023161",24.18,"Run581"
"RNA023162",18.55,"Run581"
"RNA023163",13.21,"Run581"
"RNA023164",28.73,"Run581"
"RNA023165",17.38,"Run581"
"RNA023166",17.53,"Run581"
"RNA023167",14.84,"Run581"
"RNA023168",13.17,"Run581"
"RNA023169",17.23,"Run581"
"RNA023170",15.45,"Run581"
"RNA023171",10.77,"Run581"
"RNA023172",16.16,"Run581"
"RNA023173",30.03,"Run581"
"RNA023174",19.07,"Run581"
"RNA023175",40.84,"Run581"
"RNA023176",14.29,"Run581"
"RNA023177",17.84,"Run581"
"RNA023178",37.34,"Run581"
"RNA023179",18.89,"Run581"
"RNA023180",13.83,"Run581"
"RNA023181",28,"Run581"
"RNA023182",26.76,"Run581"
"RNA023183",32.22,"Run581"
"RNA023184",7.32,"Run581"
"RNA023185",33.35,"Run581"
"RNA023186",8.43,"Run581"
"RNA023187",14.96,"Run581"
"RNA023188",7.87,"Run581"
"RNA023190",14.69,"Run581"
"RNA022807",12.87,"Run582"
"RNA022808",53.81,"Run582"
"RNA022809",29.41,"Run582"
"RNA022810",22.79,"Run582"
"RNA022811",10.78,"Run582"
"RNA022812",17.69,"Run582"
"RNA022813",44.75,"Run582"
"RNA022814",37.78,"Run582"
"RNA022815",18.27,"Run582"
"RNA022816",25.07,"Run582"
"RNA022817",28.52,"Run582"
"RNA022818",14.87,"Run582"
"RNA022819",36.09,"Run582"
"RNA022820",29.96,"Run582"
"RNA022821",31.68,"Run582"
"RNA022822",15.34,"Run582"
"RNA022823",20.95,"Run582"
"RNA022824",20.32,"Run582"
"RNA022825",19.05,"Run582"
"RNA022826",15.88,"Run582"
"RNA022827",33.9,"Run582"
"RNA022828",34.61,"Run582"
"RNA022829",31.94,"Run582"
"RNA022830",34.35,"Run582"
"RNA022831",14.8,"Run582"
"RNA022832",17.28,"Run582"
"RNA022833",25.47,"Run582"
"RNA022834",19.62,"Run582"
"RNA022835",24.82,"Run582"
"RNA022836",33.44,"Run582"
"RNA022837",16.3,"Run582"
"RNA022838",20.92,"Run582"
"RNA022839",22.4,"Run582"
"RNA022840",32.16,"Run582"
"RNA022841",34.54,"Run582"
"RNA022842",15.37,"Run582"
"RNA022843",15.69,"Run582"
"RNA022844",18.59,"Run582"
"RNA022845",11.36,"Run582"
"RNA022846",31.81,"Run582"
"RNA022847",40.06,"Run582"
"RNA022848",13.15,"Run582"
"RNA022849",26.02,"Run582"
"RNA022850",29.39,"Run582"
"RNA022851",27.1,"Run582"
"RNA022852",25,"Run582"
"RNA022853",15.83,"Run582"
"RNA022854",19.59,"Run582"
"RNA022855",23.89,"Run582"
"RNA022856",17.83,"Run582"
"RNA022857",24.14,"Run582"
"RNA022858",20.95,"Run582"
"RNA022859",55.2,"Run582"
"RNA022860",16.3,"Run582"
"RNA022861",23.91,"Run582"
"RNA022862",17.75,"Run582"
"RNA022863",21.86,"Run582"
"RNA022864",19.76,"Run582"
"RNA022865",19.62,"Run582"
"RNA022866",9.71,"Run582"
"RNA022867",17.36,"Run582"
"RNA022868",23.18,"Run582"
"RNA022869",19.67,"Run582"
"RNA022870",24.16,"Run582"
"RNA022871",25.97,"Run582"
"RNA022872",43.19,"Run582"
"RNA022873",19.79,"Run582"
"RNA022874",20.16,"Run582"
"RNA022875",31.28,"Run582"
"RNA022876",39.73,"Run582"
"RNA022877",27.45,"Run582"
"RNA022878",43.72,"Run582"
"RNA022879",11.35,"Run582"
"RNA022880",19.21,"Run582"
"RNA022881",46.64,"Run582"
"RNA022882",21.24,"Run582"
"RNA022883",14.82,"Run582"
"RNA022884",14.43,"Run582"
"RNA022885",15.97,"Run582"
"RNA022886",19.51,"Run582"
"RNA022887",24.33,"Run582"
"RNA022888",27.45,"Run582"
"RNA022889",29.68,"Run582"
"RNA022890",26.23,"Run582"
"RNA022891",34.27,"Run582"
"RNA022892",17.06,"Run582"
"RNA022893",20.29,"Run582"
"RNA022894",20.64,"Run582"
"RNA022895",15.28,"Run582"
"RNA022896",49.84,"Run582"
"RNA022897",56.93,"Run582"
"RNA022898",21.05,"Run582"
"RNA022899",38.01,"Run582"
"RNA022900",35.03,"Run582"
"RNA022901",28.91,"Run582"
"RNA022902",7.94,"Run582"
"RNA022903",49.06,"Run582"
"RNA022904",41.47,"Run582"
"RNA022905",54.84,"Run582"
"RNA022906",30.87,"Run582"
"RNA022907",24.11,"Run582"
"RNA022908",32.42,"Run582"
"RNA022909",19.04,"Run582"
"RNA022910",18.24,"Run582"
"RNA022911",20.03,"Run582"
"RNA022912",24.5,"Run582"
"RNA022913",31.39,"Run582"
"RNA022914",32.99,"Run582"
"RNA022915",51.7,"Run582"
"RNA022916",54.67,"Run582"
"RNA022917",40.17,"Run582"
"RNA022918",32,"Run582"
"RNA022919",46.24,"Run582"
"RNA022920",34.16,"Run582"
"RNA022921",22.56,"Run582"
"RNA022922",42.29,"Run582"
"RNA022923",35.29,"Run582"
"RNA022924",30.17,"Run582"
"RNA022925",19.39,"Run582"
"RNA022926",41.25,"Run582"
"RNA022927",35.81,"Run582"
"RNA022928",53.49,"Run582"
"RNA022929",24.06,"Run582"
"RNA022930",30.39,"Run582"
"RNA022931",32.62,"Run582"
"RNA022932",26.59,"Run582"
"RNA022933",23.13,"Run582"
"RNA022934",43.4,"Run582"
"RNA022935",37.16,"Run582"
"RNA022936",29.53,"Run582"
"RNA022937",14.67,"Run582"
"RNA022938",19.69,"Run582"
"RNA022939",27.59,"Run582"
"RNA022940",24.5,"Run582"
"RNA022941",15.63,"Run582"
"RNA022942",20.65,"Run582"
"RNA022943",25.02,"Run582"
"RNA022944",29.3,"Run582"
"RNA022945",39.09,"Run582"
"RNA022946",35.32,"Run582"
"RNA022947",25.24,"Run582"
"RNA022948",24.44,"Run582"
"RNA022949",25.09,"Run582"
"RNA022950",36.93,"Run582"
"RNA022951",26.36,"Run582"
"RNA022952",20.88,"Run582"
"RNA022953",25.13,"Run582"
"RNA022954",37.73,"Run582"
"RNA022955",37.92,"Run582"
"RNA022956",13.84,"Run582"
"RNA022957",28.14,"Run582"
"RNA022958",29.9,"Run582"
"RNA022959",16.23,"Run582"
"RNA022960",12.99,"Run582"
"RNA022961",20.27,"Run582"
"RNA022962",63.44,"Run582"
"RNA022963",34.8,"Run582"
"RNA022964",76.04,"Run582"
"RNA022965",38.81,"Run582"
"RNA022966",31.93,"Run582"
"RNA022968",27,"Run582"
"RNA022969",32.93,"Run582"
"RNA022970",39.03,"Run582"
"RNA022971",22.19,"Run582"
"RNA022972",24.63,"Run582"
"RNA022973",25.34,"Run582"
"RNA022974",45.1,"Run582"
"RNA022975",16.99,"Run582"
"RNA022976",17.37,"Run582"
"RNA022977",21.87,"Run582"
"RNA022978",23.06,"Run582"
"RNA022979",24.11,"Run582"
"RNA022980",25.25,"Run582"
"RNA022981",24.01,"Run582"
"RNA022982",24.88,"Run582"
"RNA022983",30.81,"Run582"
"RNA022984",19.78,"Run582"
"RNA022985",16.16,"Run582"
"RNA022986",36.25,"Run582"
"RNA022987",42.57,"Run582"
"RNA022988",46.15,"Run582"
"RNA022989",38.61,"Run582"
"RNA022990",10.51,"Run582"
"RNA022991",31.55,"Run582"
"RNA022992",17.17,"Run582"
"RNA022993",30.33,"Run582"
"RNA022994",20.05,"Run582"
"RNA022995",17.61,"Run582"
"RNA022996",30.94,"Run582"
"RNA022997",39.14,"Run582"
"RNA022998",32.58,"Run582"
"RNA023191",17.82,"Run588"
"RNA023192",11.47,"Run588"
"RNA023193",33.05,"Run588"
"RNA023194",19.59,"Run588"
"RNA023195",35.13,"Run588"
"RNA023196",23.17,"Run588"
"RNA023198",17.3,"Run588"
"RNA023199",21.27,"Run588"
"RNA023200",17.23,"Run588"
"RNA023201",27.07,"Run588"
"RNA023202",17.68,"Run588"
"RNA023203",17.31,"Run588"
"RNA023204",23.68,"Run588"
"RNA023205",38.75,"Run588"
"RNA023206",39.24,"Run588"
"RNA023207",36.37,"Run588"
"RNA023208",27.38,"Run588"
"RNA023209",24.25,"Run588"
"RNA023210",23.54,"Run588"
"RNA023211",10.8,"Run588"
"RNA023212",23.78,"Run588"
"RNA023213",28.55,"Run588"
"RNA023214",23.97,"Run588"
"RNA023215",17.92,"Run588"
"RNA023216",19.69,"Run588"
"RNA023217",24.15,"Run588"
"RNA023218",29.23,"Run588"
"RNA023219",10.64,"Run588"
"RNA023220",41.23,"Run588"
"RNA023221",28.28,"Run588"
"RNA023222",24.84,"Run588"
"RNA023223",31.65,"Run588"
"RNA023224",18.8,"Run588"
"RNA023225",13.01,"Run588"
"RNA023226",38.46,"Run588"
"RNA023227",37.79,"Run588"
"RNA023228",29.62,"Run588"
"RNA023229",22.49,"Run588"
"RNA023230",5.97,"Run588"
"RNA023231",23.5,"Run588"
"RNA023232",26.8,"Run588"
"RNA023233",18.84,"Run588"
"RNA023234",29.37,"Run588"
"RNA023235",18.46,"Run588"
"RNA023236",20.29,"Run588"
"RNA023237",21.82,"Run588"
"RNA023238",38.85,"Run588"
"RNA023239",14.15,"Run588"
"RNA023240",17.88,"Run588"
"RNA023241",14.19,"Run588"
"RNA023242",27.59,"Run588"
"RNA023243",31.04,"Run588"
"RNA023244",24.85,"Run588"
"RNA023245",32.84,"Run588"
"RNA023246",33.45,"Run588"
"RNA023247",16.26,"Run588"
"RNA023248",25.93,"Run588"
"RNA023249",29.9,"Run588"
"RNA023250",43.26,"Run588"
"RNA023252",23.6,"Run588"
"RNA023253",15.34,"Run588"
"RNA023254",17.31,"Run588"
"RNA023255",55.21,"Run588"
"RNA023256",25.13,"Run588"
"RNA023257",25.41,"Run588"
"RNA023258",21.53,"Run588"
"RNA023259",17.31,"Run588"
"RNA023260",19.95,"Run588"
"RNA023261",35.09,"Run588"
"RNA023262",20.34,"Run588"
"RNA023263",3.35,"Run588"
"RNA023264",17.62,"Run588"
"RNA023265",18.47,"Run588"
"RNA023266",18.53,"Run588"
"RNA023267",28.82,"Run588"
"RNA023268",41.88,"Run588"
"RNA023269",16.82,"Run588"
"RNA023270",12.88,"Run588"
"RNA023271",12.58,"Run588"
"RNA023272",29.95,"Run588"
"RNA023273",41.12,"Run588"
"RNA023274",18.26,"Run588"
"RNA023275",15.24,"Run588"
"RNA023276",17.63,"Run588"
"RNA023277",34.49,"Run588"
"RNA023278",23.85,"Run588"
"RNA023279",9.58,"Run588"
"RNA023280",16.13,"Run588"
"RNA023281",12.86,"Run588"
"RNA023282",20.69,"Run588"
"RNA023283",3.16,"Run588"
"RNA023284",26.8,"Run588"
"RNA023285",23.94,"Run588"
"RNA023286",17.38,"Run588"
"RNA023287",19.91,"Run588"
"RNA023288",18.8,"Run588"
"RNA023289",34.55,"Run588"
"RNA023290",29.73,"Run588"
"RNA023291",22.89,"Run588"
"RNA023292",12.49,"Run588"
"RNA023293",10.19,"Run588"
"RNA023294",22.4,"Run588"
"RNA023295",16.56,"Run588"
"RNA023296",14.04,"Run588"
"RNA023297",39.65,"Run588"
"RNA023298",20.4,"Run588"
"RNA023299",16,"Run588"
"RNA023300",12.9,"Run588"
"RNA023301",12.54,"Run588"
"RNA023302",13.89,"Run588"
"RNA023303",18.02,"Run588"
"RNA023304",16.03,"Run588"
"RNA023305",11.46,"Run588"
"RNA023306",13.79,"Run588"
"RNA023307",19.55,"Run588"
"RNA023308",12.76,"Run588"
"RNA023309",16.45,"Run588"
"RNA023310",13.55,"Run588"
"RNA023311",14.54,"Run588"
"RNA023312",18.14,"Run588"
"RNA023313",3.07,"Run588"
"RNA023314",21.68,"Run588"
"RNA023315",15.1,"Run588"
"RNA023316",7.76,"Run588"
"RNA023317",29.85,"Run588"
"RNA023318",25.53,"Run588"
"RNA023319",11.35,"Run588"
"RNA023320",2.83,"Run588"
"RNA023321",12.78,"Run588"
"RNA023322",11.95,"Run588"
"RNA023323",20.8,"Run588"
"RNA023324",31.22,"Run588"
"RNA023325",9.27,"Run588"
"RNA023326",8.28,"Run588"
"RNA023327",8.76,"Run588"
"RNA023328",14.09,"Run588"
"RNA023329",14.03,"Run588"
"RNA023330",14.12,"Run588"
"RNA023331",14.23,"Run588"
"RNA023332",23.45,"Run588"
"RNA023333",21.72,"Run588"
"RNA023334",26.88,"Run588"
"RNA023335",8.75,"Run588"
"RNA023336",10.58,"Run588"
"RNA023337",11.34,"Run588"
"RNA023338",21.87,"Run588"
"RNA023339",25.69,"Run588"
"RNA023340",22.99,"Run588"
"RNA023341",17.22,"Run588"
"RNA023342",21.24,"Run588"
"RNA023343",7.36,"Run588"
"RNA023344",14.58,"Run588"
"RNA023345",19.68,"Run588"
"RNA023346",21.53,"Run588"
"RNA023347",29.33,"Run588"
"RNA023348",67.99,"Run588"
"RNA023349",10.91,"Run588"
"RNA023350",13.79,"Run588"
"RNA023351",14.02,"Run588"
"RNA023352",14.38,"Run588"
"RNA023353",22.96,"Run588"
"RNA023354",19.12,"Run588"
"RNA023355",16.17,"Run588"
"RNA023356",16.21,"Run588"
"RNA023357",24.59,"Run588"
"RNA023358",9.85,"Run588"
"RNA023359",26.83,"Run588"
"RNA023360",19.47,"Run588"
"RNA023361",14.82,"Run588"
"RNA023362",17.66,"Run588"
"RNA023363",17.62,"Run588"
"RNA023364",6.87,"Run588"
"RNA023365",12.59,"Run588"
"RNA023366",12.17,"Run588"
"RNA023367",11.66,"Run588"
"RNA023368",23.17,"Run588"
"RNA023369",8.75,"Run588"
"RNA023370",13.4,"Run588"
"RNA023371",44.33,"Run588"
"RNA023372",13.99,"Run588"
"RNA023373",10.82,"Run588"
"RNA023374",21.08,"Run588"
"RNA023375",15.31,"Run588"
"RNA023376",14.99,"Run588"
"RNA023377",13.09,"Run588"
"RNA023378",14.76,"Run588"
"RNA023379",9.56,"Run588"
"RNA023380",9.62,"Run588"
"RNA023381",12.17,"Run588"
"RNA023382",17.77,"Run588"
"RNA023383",23.83,"Run590"
"RNA023384",26.91,"Run590"
"RNA023385",14.28,"Run590"
"RNA023386",22.4,"Run590"
"RNA023387",26.21,"Run590"
"RNA023388",20.62,"Run590"
"RNA023389",40.05,"Run590"
"RNA023390",23.18,"Run590"
"RNA023391",27.55,"Run590"
"RNA023392",13.35,"Run590"
"RNA023393",24.66,"Run590"
"RNA023394",20.47,"Run590"
"RNA023395",24.03,"Run590"
"RNA023396",28.61,"Run590"
"RNA023397",20.24,"Run590"
"RNA023398",23.6,"Run590"
"RNA023399",16.79,"Run590"
"RNA023400",22.9,"Run590"
"RNA023401",17.04,"Run590"
"RNA023402",20.08,"Run590"
"RNA023403",12.8,"Run590"
"RNA023404",21.31,"Run590"
"RNA023405",17.84,"Run590"
"RNA023406",11.37,"Run590"
"RNA023407",18.84,"Run590"
"RNA023408",12.96,"Run590"
"RNA023409",10.81,"Run590"
"RNA023410",8.89,"Run590"
"RNA023411",10.63,"Run590"
"RNA023412",12.65,"Run590"
"RNA023413",11.2,"Run590"
"RNA023414",13.94,"Run590"
"RNA023415",9.32,"Run590"
"RNA023416",10.5,"Run590"
"RNA023417",10.67,"Run590"
"RNA023418",5.42,"Run590"
"RNA023419",15.2,"Run590"
"RNA023420",22.09,"Run590"
"RNA023421",18.88,"Run590"
"RNA023422",18.87,"Run590"
"RNA023423",15.49,"Run590"
"RNA023424",20.12,"Run590"
"RNA023425",16.02,"Run590"
"RNA023426",14.64,"Run590"
"RNA023427",17.71,"Run590"
"RNA023428",19.21,"Run590"
"RNA023429",13.19,"Run590"
"RNA023430",16.27,"Run590"
"RNA023431",10.76,"Run590"
"RNA023432",18.53,"Run590"
"RNA023433",22.2,"Run590"
"RNA023434",21.48,"Run590"
"RNA023435",14.4,"Run590"
"RNA023436",16.39,"Run590"
"RNA023437",12.48,"Run590"
"RNA023438",13.66,"Run590"
"RNA023439",5.31,"Run590"
"RNA023440",18.95,"Run590"
"RNA023441",15.03,"Run590"
"RNA023442",8.33,"Run590"
"RNA023443",22.35,"Run590"
"RNA023444",5.46,"Run590"
"RNA023445",20.05,"Run590"
"RNA023446",12.21,"Run590"
"RNA023447",37.55,"Run590"
"RNA023448",28.12,"Run590"
"RNA023449",21.98,"Run590"
"RNA023450",18.12,"Run590"
"RNA023451",12.76,"Run590"
"RNA023452",23.99,"Run590"
"RNA023453",19.4,"Run590"
"RNA023454",10.87,"Run590"
"RNA023455",19.29,"Run590"
"RNA023456",7.21,"Run590"
"RNA023457",11.01,"Run590"
"RNA023458",7.68,"Run590"
"RNA023459",22.04,"Run590"
"RNA023460",36.56,"Run590"
"RNA023461",30.36,"Run590"
"RNA023462",11.52,"Run590"
"RNA023463",11.06,"Run590"
"RNA023464",15.39,"Run590"
"RNA023465",13.25,"Run590"
"RNA023466",11.29,"Run590"
"RNA023467",10.39,"Run590"
"RNA023468",23.55,"Run590"
"RNA023469",12.59,"Run590"
"RNA023470",18.45,"Run590"
"RNA023471",14.22,"Run590"
"RNA023472",12.59,"Run590"
"RNA023473",9.75,"Run590"
"RNA023474",8.44,"Run590"
"RNA023475",5.21,"Run590"
"RNA023476",25.41,"Run590"
"RNA023477",17.68,"Run590"
"RNA023478",13.63,"Run590"
"RNA023479",19.15,"Run590"
"RNA023480",52.34,"Run590"
"RNA023481",33.15,"Run590"
"RNA023482",49.55,"Run590"
"RNA023483",29.49,"Run590"
"RNA023484",15.94,"Run590"
"RNA023485",17.37,"Run590"
"RNA023486",14.85,"Run590"
"RNA023487",25.78,"Run590"
"RNA023488",17.34,"Run590"
"RNA023489",20.03,"Run590"
"RNA023490",33,"Run590"
"RNA023491",10.01,"Run590"
"RNA023492",16.13,"Run590"
"RNA023493",24.76,"Run590"
"RNA023494",11.7,"Run590"
"RNA023495",25.46,"Run590"
"RNA023496",21.23,"Run590"
"RNA023497",18.41,"Run590"
"RNA023498",52.39,"Run590"
"RNA023499",40.93,"Run590"
"RNA023500",24.27,"Run590"
"RNA023501",34.2,"Run590"
"RNA023502",17.96,"Run590"
"RNA023503",16.12,"Run590"
"RNA023504",16.43,"Run590"
"RNA023505",12.54,"Run590"
"RNA023506",13.06,"Run590"
"RNA023507",11.68,"Run590"
"RNA023508",17.89,"Run590"
"RNA023509",18.36,"Run590"
"RNA023510",17.72,"Run590"
"RNA023511",18.94,"Run590"
"RNA023512",23.47,"Run590"
"RNA023513",10.3,"Run590"
"RNA023514",20.74,"Run590"
"RNA023515",21.01,"Run590"
"RNA023516",18.34,"Run590"
"RNA023517",12.29,"Run590"
"RNA023518",17.98,"Run590"
"RNA023519",17.14,"Run590"
"RNA023520",20.64,"Run590"
"RNA023521",18.71,"Run590"
"RNA023522",15.26,"Run590"
"RNA023523",24.64,"Run590"
"RNA023524",15.46,"Run590"
"RNA023525",24.25,"Run590"
"RNA023526",13.03,"Run590"
"RNA023527",17.21,"Run590"
"RNA023528",20.53,"Run590"
"RNA023529",21.72,"Run590"
"RNA023530",20.95,"Run590"
"RNA023531",10.95,"Run590"
"RNA023532",14.88,"Run590"
"RNA023533",14.19,"Run590"
"RNA023534",12.95,"Run590"
"RNA023535",11.34,"Run590"
"RNA023536",14.96,"Run590"
"RNA023537",15.93,"Run590"
"RNA023538",14.4,"Run590"
"RNA023539",15.48,"Run590"
"RNA023540",10.76,"Run590"
"RNA023541",24.7,"Run590"
"RNA023542",10.59,"Run590"
"RNA023543",37.49,"Run590"
"RNA023544",17.38,"Run590"
"RNA023545",17.51,"Run590"
"RNA023546",18.78,"Run590"
"RNA023547",31.63,"Run590"
"RNA023549",12.61,"Run590"
"RNA023550",18.21,"Run590"
"RNA023551",11.9,"Run590"
"RNA023552",19.96,"Run590"
"RNA023553",13.31,"Run590"
"RNA023554",18.83,"Run590"
"RNA023555",15.01,"Run590"
"RNA023556",15.32,"Run590"
"RNA023559",14.86,"Run590"
"RNA023560",26.74,"Run590"
"RNA023561",8.24,"Run590"
"RNA023562",17.48,"Run590"
"RNA023563",12.45,"Run590"
"RNA023564",11.06,"Run590"
"RNA023565",13.42,"Run590"
"RNA023567",20.59,"Run590"
"RNA023568",12.53,"Run590"
"RNA023569",13.83,"Run590"
"RNA023570",5.42,"Run590"
"RNA023571",9.57,"Run590"
"RNA023572",12.33,"Run590"
"RNA023573",16.84,"Run590"
"RNA023575",11.54,"Run598"
"RNA023576",7.78,"Run598"
"RNA023577",13.42,"Run598"
"RNA023578",14.03,"Run598"
"RNA023579",19.19,"Run598"
"RNA023580",24.59,"Run598"
"RNA023581",11.02,"Run598"
"RNA023582",14.29,"Run598"
"RNA023583",13.05,"Run598"
"RNA023585",20.43,"Run598"
"RNA023586",22.1,"Run598"
"RNA023587",14.37,"Run598"
"RNA023588",25.96,"Run598"
"RNA023590",23.03,"Run598"
"RNA023591",28.03,"Run598"
"RNA023592",11.37,"Run598"
"RNA023593",12.93,"Run598"
"RNA023594",17.69,"Run598"
"RNA023595",13.98,"Run598"
"RNA023596",11.34,"Run598"
"RNA023597",21.05,"Run598"
"RNA023598",14.03,"Run598"
"RNA023599",7.72,"Run598"
"RNA023601",23.99,"Run598"
"RNA023602",26.52,"Run598"
"RNA023603",19.11,"Run598"
"RNA023605",17.89,"Run598"
"RNA023606",38.68,"Run598"
"RNA023607",41.38,"Run598"
"RNA023608",42.02,"Run598"
"RNA023609",24.73,"Run598"
"RNA023610",39.84,"Run598"
"RNA023611",25.32,"Run598"
"RNA023613",33.7,"Run598"
"RNA023614",24.4,"Run598"
"RNA023615",33.02,"Run598"
"RNA023617",32.44,"Run598"
"RNA023618",13.58,"Run598"
"RNA023619",19.63,"Run598"
"RNA023620",18.43,"Run598"
"RNA023621",14.6,"Run598"
"RNA023622",10.02,"Run598"
"RNA023623",14.93,"Run598"
"RNA023624",16.07,"Run598"
"RNA023625",28.84,"Run598"
"RNA023626",17.18,"Run598"
"RNA023629",35.12,"Run598"
"RNA023630",19.01,"Run598"
"RNA023631",14.79,"Run598"
"RNA023632",14.36,"Run598"
"RNA023633",15.77,"Run598"
"RNA023634",36.92,"Run598"
"RNA023635",17.52,"Run598"
"RNA023636",36.45,"Run598"
"RNA023637",19.6,"Run598"
"RNA023638",12.07,"Run598"
"RNA023639",23.54,"Run598"
"RNA023640",15.75,"Run598"
"RNA023641",21.5,"Run598"
"RNA023642",14.99,"Run598"
"RNA023643",22.61,"Run598"
"RNA023644",19.46,"Run598"
"RNA023645",23.2,"Run598"
"RNA023646",14.77,"Run598"
"RNA023647",22.55,"Run598"
"RNA023654",14.38,"Run598"
