"RNAID","genes_above10","Run"
"RNA015584",9995,"Cohort1"
"RNA015585",8066,"Cohort1"
"RNA015586",9617,"Cohort1"
"RNA015587",10322,"Cohort1"
"RNA015588",10193,"Cohort1"
"RNA015589",9561,"Cohort1"
"RNA015590",10465,"Cohort1"
"RNA015591",9676,"Cohort1"
"RNA015592",10011,"Cohort1"
"RNA015593",9178,"Cohort1"
"RNA015594",9677,"Cohort1"
"RNA015595",9171,"Cohort1"
"RNA015596",9149,"Cohort1"
"RNA015597",10546,"Cohort1"
"RNA015598",6471,"Cohort1"
"RNA015599",9841,"Cohort1"
"RNA015600",9850,"Cohort1"
"RNA015601",10593,"Cohort1"
"RNA015602",10016,"Cohort1"
"RNA015603",10686,"Cohort1"
"RNA015604",10438,"Cohort1"
"RNA015605",9650,"Cohort1"
"RNA015606",9654,"Cohort1"
"RNA015607",10293,"Cohort1"
"RNA015715",9575,"Cohort1"
"RNA015716",10453,"Cohort1"
"RNA015717",9527,"Cohort1"
"RNA015718",10547,"Cohort1"
"RNA015719",10411,"Cohort1"
"RNA015720",9558,"Cohort1"
"RNA015721",9878,"Cohort1"
"RNA015722",10082,"Cohort1"
"RNA015723",10122,"Cohort1"
"RNA015724",9037,"Cohort1"
"RNA015725",10780,"Cohort1"
"RNA015726",10163,"Cohort1"
"RNA015727",10606,"Cohort1"
"RNA015728",10313,"Cohort1"
"RNA015729",8775,"Cohort1"
"RNA015730",9527,"Cohort1"
"RNA015731",10618,"Cohort1"
"RNA015732",8483,"Cohort1"
"RNA015733",8624,"Cohort1"
"RNA015734",7938,"Cohort1"
"RNA015735",10926,"Cohort1"
"RNA015736",10072,"Cohort1"
"RNA015737",11334,"Cohort1"
"RNA015738",11502,"Cohort1"
"RNA015780",11125,"Cohort1"
"RNA015781",10233,"Cohort1"
"RNA015782",10092,"Cohort1"
"RNA015783",8656,"Cohort1"
"RNA015784",9709,"Cohort1"
"RNA015785",9579,"Cohort1"
"RNA015786",8767,"Cohort1"
"RNA015787",9003,"Cohort1"
"RNA015788",10605,"Cohort1"
"RNA015789",8700,"Cohort1"
"RNA015790",10322,"Cohort1"
"RNA015791",10619,"Cohort1"
"RNA015822",11331,"Cohort1"
"RNA015823",9299,"Cohort1"
"RNA015824",9025,"Cohort1"
"RNA015825",9703,"Cohort1"
"RNA015826",9530,"Cohort1"
"RNA015827",10373,"Cohort1"
"RNA015828",10830,"Cohort1"
"RNA015829",8860,"Cohort1"
"RNA015830",10176,"Cohort1"
"RNA015831",11084,"Cohort1"
"RNA015832",9978,"Cohort1"
"RNA015833",9026,"Cohort1"
"RNA015834",9590,"Cohort1"
"RNA015835",10136,"Cohort1"
"RNA015836",9038,"Cohort1"
"RNA015837",10211,"Cohort1"
"RNA015838",9900,"Cohort1"
"RNA015839",9300,"Cohort1"
"RNA015840",9853,"Cohort1"
"RNA015841",9444,"Cohort1"
"RNA015842",9307,"Cohort1"
"RNA015843",10421,"Cohort1"
"RNA015844",10976,"Cohort1"
"RNA015845",9776,"Cohort1"
"RNA015846",9479,"Cohort1"
"RNA015847",10874,"Cohort1"
"RNA015848",9064,"Cohort1"
"RNA015849",9839,"Cohort1"
"RNA015850",10859,"Cohort1"
"RNA015851",10401,"Cohort1"
"RNA015852",10425,"Cohort1"
"RNA015853",10706,"Cohort1"
"RNA015854",9761,"Cohort1"
"RNA015855",7534,"Cohort1"
"RNA015856",9270,"Cohort1"
"RNA015857",10446,"Cohort1"
"RNA015858",8958,"Cohort1"
"RNA015859",9439,"Cohort1"
"RNA015860",10901,"Cohort1"
"RNA015861",10679,"Cohort1"
"RNA015862",9652,"Cohort1"
"RNA015863",8726,"Cohort1"
"RNA015864",692,"Cohort1"
"RNA015865",11923,"Cohort1"
"RNA015866",10569,"Cohort1"
"RNA015867",10004,"Cohort1"
"RNA015868",9555,"Cohort1"
"RNA015869",9527,"Cohort1"
"RNA015970",10586,"Cohort1"
"RNA015971",10150,"Cohort1"
"RNA015972",9143,"Cohort1"
"RNA015973",9350,"Cohort1"
"RNA015974",9741,"Cohort1"
"RNA022807",4239,"Run582"
"RNA022808",7576,"Run582"
"RNA022809",7369,"Run582"
"RNA022810",7182,"Run582"
"RNA022811",4500,"Run582"
"RNA022812",5637,"Run582"
"RNA022813",6774,"Run582"
"RNA022814",5483,"Run582"
"RNA022815",3551,"Run582"
"RNA022816",7035,"Run582"
"RNA022817",7811,"Run582"
"RNA022818",5020,"Run582"
"RNA022819",6731,"Run582"
"RNA022820",7642,"Run582"
"RNA022821",7971,"Run582"
"RNA022822",6970,"Run582"
"RNA022823",7523,"Run582"
"RNA022824",7928,"Run582"
"RNA022825",7215,"Run582"
"RNA022826",5708,"Run582"
"RNA022827",5890,"Run582"
"RNA022828",6030,"Run582"
"RNA022829",5981,"Run582"
"RNA022830",5542,"Run582"
"RNA022831",3065,"Run582"
"RNA022832",7107,"Run582"
"RNA022833",7000,"Run582"
"RNA022834",6140,"Run582"
"RNA022835",7784,"Run582"
"RNA022836",8562,"Run582"
"RNA022837",6562,"Run582"
"RNA022838",6141,"Run582"
"RNA022839",6492,"Run582"
"RNA022840",6071,"Run582"
"RNA022841",7317,"Run582"
"RNA022842",3642,"Run582"
"RNA022843",6861,"Run582"
"RNA022844",7027,"Run582"
"RNA022845",5229,"Run582"
"RNA022846",6743,"Run582"
"RNA022847",3391,"Run582"
"RNA022848",4311,"Run582"
"RNA022849",7438,"Run582"
"RNA022850",8684,"Run582"
"RNA022851",8064,"Run582"
"RNA022852",8563,"Run582"
"RNA022853",7508,"Run582"
"RNA022854",6625,"Run582"
"RNA022855",8340,"Run582"
"RNA022856",8463,"Run582"
"RNA022857",7565,"Run582"
"RNA022858",6532,"Run582"
"RNA022859",5704,"Run582"
"RNA022860",7130,"Run582"
"RNA022861",7288,"Run582"
"RNA022862",6873,"Run582"
"RNA022863",7200,"Run582"
"RNA022864",4618,"Run582"
"RNA022865",5919,"Run582"
"RNA022866",5578,"Run582"
"RNA022867",7313,"Run582"
"RNA022868",6829,"Run582"
"RNA022869",7786,"Run582"
"RNA022870",7442,"Run582"
"RNA022871",8420,"Run582"
"RNA022872",9527,"Run582"
"RNA022873",9006,"Run582"
"RNA022874",7186,"Run582"
"RNA022875",6663,"Run582"
"RNA022876",5295,"Run582"
"RNA022877",7068,"Run582"
"RNA022878",6870,"Run582"
"RNA022879",5081,"Run582"
"RNA022880",6424,"Run582"
"RNA022881",7899,"Run582"
"RNA022882",7911,"Run582"
"RNA022883",6750,"Run582"
"RNA022884",7075,"Run582"
"RNA022885",7671,"Run582"
"RNA022886",8183,"Run582"
"RNA022887",8421,"Run582"
"RNA022888",8932,"Run582"
"RNA022889",8433,"Run582"
"RNA022890",6007,"Run582"
"RNA022891",9864,"Run582"
"RNA022892",7954,"Run582"
"RNA022893",8583,"Run582"
"RNA022894",6627,"Run582"
"RNA022895",4628,"Run582"
"RNA022896",4996,"Run582"
"RNA022897",4438,"Run582"
"RNA022898",5193,"Run582"
"RNA022899",7747,"Run582"
"RNA022900",6846,"Run582"
"RNA022901",8725,"Run582"
"RNA022902",6952,"Run582"
"RNA022903",4580,"Run582"
"RNA022904",8172,"Run582"
"RNA022905",7381,"Run582"
"RNA022906",9026,"Run582"
"RNA022907",7839,"Run582"
"RNA022908",7929,"Run582"
"RNA022909",8466,"Run582"
"RNA022910",5993,"Run582"
"RNA022911",7493,"Run582"
"RNA022912",7802,"Run582"
"RNA022913",8497,"Run582"
"RNA022914",8547,"Run582"
"RNA022915",8889,"Run582"
"RNA022916",9828,"Run582"
"RNA022917",9407,"Run582"
"RNA022918",9038,"Run582"
"RNA022919",10025,"Run582"
"RNA022920",8931,"Run582"
"RNA022921",5192,"Run582"
"RNA022922",7199,"Run582"
"RNA022923",7181,"Run582"
"RNA022924",8258,"Run582"
"RNA022925",6368,"Run582"
"RNA022926",8376,"Run582"
"RNA022927",6932,"Run582"
"RNA022928",5927,"Run582"
"RNA022929",6669,"Run582"
"RNA022930",6472,"Run582"
"RNA022931",6405,"Run582"
"RNA022932",7420,"Run582"
"RNA022933",8190,"Run582"
"RNA022934",8690,"Run582"
"RNA022935",9053,"Run582"
"RNA022936",7533,"Run582"
"RNA022937",4655,"Run582"
"RNA022938",5520,"Run582"
"RNA022939",7746,"Run582"
"RNA022940",7863,"Run582"
"RNA022941",6299,"Run582"
"RNA022942",7361,"Run582"
"RNA022943",6666,"Run582"
"RNA022944",8673,"Run582"
"RNA022945",7019,"Run582"
"RNA022946",5390,"Run582"
"RNA022947",6932,"Run582"
"RNA022948",7134,"Run582"
"RNA022949",8158,"Run582"
"RNA022950",8454,"Run582"
"RNA022951",3783,"Run582"
"RNA022952",4317,"Run582"
"RNA022953",5044,"Run582"
"RNA022954",5488,"Run582"
"RNA022955",5713,"Run582"
"RNA022956",6489,"Run582"
"RNA022957",7100,"Run582"
"RNA022958",7223,"Run582"
"RNA022959",4823,"Run582"
"RNA022960",5593,"Run582"
"RNA022961",5701,"Run582"
"RNA022962",4996,"Run582"
"RNA022963",5991,"Run582"
"RNA022964",2755,"Run582"
"RNA022965",5826,"Run582"
"RNA022966",7687,"Run582"
"RNA022968",4598,"Run582"
"RNA022969",5285,"Run582"
"RNA022970",7608,"Run582"
"RNA022971",5528,"Run582"
"RNA022972",5973,"Run582"
"RNA022973",5831,"Run582"
"RNA022974",7636,"Run582"
"RNA022975",5488,"Run582"
"RNA022976",6942,"Run582"
"RNA022977",8167,"Run582"
"RNA022978",6636,"Run582"
"RNA022979",5239,"Run582"
"RNA022980",6181,"Run582"
"RNA022981",6212,"Run582"
"RNA022982",6998,"Run582"
"RNA022983",7876,"Run582"
"RNA022984",4301,"Run582"
"RNA022985",4051,"Run582"
"RNA022986",4516,"Run582"
"RNA022987",5549,"Run582"
"RNA022988",8679,"Run582"
"RNA022989",5899,"Run582"
"RNA022990",7855,"Run582"
"RNA022991",7210,"Run582"
"RNA022992",4916,"Run582"
"RNA022993",7666,"Run582"
"RNA022994",5745,"Run582"
"RNA022995",4569,"Run582"
"RNA022996",8092,"Run582"
"RNA022997",8365,"Run582"
"RNA022998",7372,"Run582"
"RNA022999",7152,"Run581"
"RNA023000",5891,"Run581"
"RNA023001",8157,"Run581"
"RNA023002",4935,"Run581"
"RNA023003",3678,"Run581"
"RNA023004",4498,"Run581"
"RNA023005",4320,"Run581"
"RNA023006",4802,"Run581"
"RNA023007",7204,"Run581"
"RNA023008",5802,"Run581"
"RNA023009",6225,"Run581"
"RNA023010",9759,"Run581"
"RNA023011",8158,"Run581"
"RNA023012",4419,"Run581"
"RNA023013",6443,"Run581"
"RNA023014",6036,"Run581"
"RNA023015",8611,"Run581"
"RNA023016",9274,"Run581"
"RNA023017",8066,"Run581"
"RNA023018",8285,"Run581"
"RNA023019",8466,"Run581"
"RNA023020",7300,"Run581"
"RNA023021",8107,"Run581"
"RNA023022",8907,"Run581"
"RNA023023",4926,"Run581"
"RNA023024",6389,"Run581"
"RNA023025",8658,"Run581"
"RNA023026",5588,"Run581"
"RNA023027",7284,"Run581"
"RNA023028",8842,"Run581"
"RNA023029",7846,"Run581"
"RNA023030",5953,"Run581"
"RNA023031",6486,"Run581"
"RNA023032",1816,"Run581"
"RNA023033",6899,"Run581"
"RNA023034",4152,"Run581"
"RNA023035",9503,"Run581"
"RNA023036",9158,"Run581"
"RNA023037",9243,"Run581"
"RNA023039",6297,"Run581"
"RNA023040",7095,"Run581"
"RNA023041",7855,"Run581"
"RNA023042",8601,"Run581"
"RNA023044",7492,"Run581"
"RNA023045",7503,"Run581"
"RNA023046",5700,"Run581"
"RNA023047",6313,"Run581"
"RNA023048",5590,"Run581"
"RNA023049",6544,"Run581"
"RNA023050",8223,"Run581"
"RNA023051",5004,"Run581"
"RNA023052",6356,"Run581"
"RNA023053",7653,"Run581"
"RNA023054",8311,"Run581"
"RNA023055",7636,"Run581"
"RNA023056",6569,"Run581"
"RNA023057",6736,"Run581"
"RNA023058",5820,"Run581"
"RNA023059",6467,"Run581"
"RNA023060",4952,"Run581"
"RNA023061",7841,"Run581"
"RNA023062",5531,"Run581"
"RNA023063",9585,"Run581"
"RNA023064",9171,"Run581"
"RNA023065",9600,"Run581"
"RNA023066",8266,"Run581"
"RNA023067",8379,"Run581"
"RNA023068",6791,"Run581"
"RNA023069",7485,"Run581"
"RNA023070",6656,"Run581"
"RNA023071",7266,"Run581"
"RNA023072",9221,"Run581"
"RNA023073",9617,"Run581"
"RNA023074",6814,"Run581"
"RNA023075",7371,"Run581"
"RNA023076",8391,"Run581"
"RNA023077",7134,"Run581"
"RNA023078",4172,"Run581"
"RNA023079",3139,"Run581"
"RNA023080",8691,"Run581"
"RNA023081",7426,"Run581"
"RNA023082",8946,"Run581"
"RNA023083",7956,"Run581"
"RNA023084",9070,"Run581"
"RNA023085",8745,"Run581"
"RNA023086",8603,"Run581"
"RNA023087",8674,"Run581"
"RNA023088",5361,"Run581"
"RNA023089",7222,"Run581"
"RNA023091",4825,"Run581"
"RNA023092",7946,"Run581"
"RNA023093",8101,"Run581"
"RNA023094",8227,"Run581"
"RNA023095",7257,"Run581"
"RNA023096",8430,"Run581"
"RNA023097",7889,"Run581"
"RNA023098",7989,"Run581"
"RNA023099",5540,"Run581"
"RNA023100",8396,"Run581"
"RNA023101",5998,"Run581"
"RNA023102",5169,"Run581"
"RNA023103",4408,"Run581"
"RNA023104",7769,"Run581"
"RNA023105",6441,"Run581"
"RNA023106",8213,"Run581"
"RNA023107",6208,"Run581"
"RNA023108",3859,"Run581"
"RNA023109",6905,"Run581"
"RNA023110",6250,"Run581"
"RNA023111",7847,"Run581"
"RNA023112",7813,"Run581"
"RNA023113",8778,"Run581"
"RNA023114",6953,"Run581"
"RNA023115",6687,"Run581"
"RNA023116",7684,"Run581"
"RNA023117",6339,"Run581"
"RNA023118",9060,"Run581"
"RNA023119",5755,"Run581"
"RNA023120",7092,"Run581"
"RNA023121",7789,"Run581"
"RNA023122",8218,"Run581"
"RNA023123",5916,"Run581"
"RNA023124",7039,"Run581"
"RNA023125",8149,"Run581"
"RNA023126",5996,"Run581"
"RNA023127",7386,"Run581"
"RNA023128",7892,"Run581"
"RNA023129",6317,"Run581"
"RNA023130",7013,"Run581"
"RNA023131",8677,"Run581"
"RNA023132",8685,"Run581"
"RNA023133",8921,"Run581"
"RNA023134",6949,"Run581"
"RNA023135",8829,"Run581"
"RNA023136",8693,"Run581"
"RNA023137",7156,"Run581"
"RNA023138",6479,"Run581"
"RNA023139",6492,"Run581"
"RNA023140",6247,"Run581"
"RNA023141",5184,"Run581"
"RNA023142",7135,"Run581"
"RNA023143",5394,"Run581"
"RNA023145",8255,"Run581"
"RNA023146",6554,"Run581"
"RNA023147",5696,"Run581"
"RNA023148",7114,"Run581"
"RNA023149",6038,"Run581"
"RNA023150",7902,"Run581"
"RNA023151",7366,"Run581"
"RNA023152",4651,"Run581"
"RNA023153",6835,"Run581"
"RNA023154",7636,"Run581"
"RNA023155",8316,"Run581"
"RNA023156",6176,"Run581"
"RNA023157",5759,"Run581"
"RNA023158",4038,"Run581"
"RNA023159",6259,"Run581"
"RNA023160",5830,"Run581"
"RNA023161",8339,"Run581"
"RNA023162",6839,"Run581"
"RNA023163",4708,"Run581"
"RNA023164",8503,"Run581"
"RNA023165",3142,"Run581"
"RNA023166",6926,"Run581"
"RNA023167",5822,"Run581"
"RNA023168",6717,"Run581"
"RNA023169",5577,"Run581"
"RNA023170",5380,"Run581"
"RNA023171",4897,"Run581"
"RNA023172",5707,"Run581"
"RNA023173",7605,"Run581"
"RNA023174",6140,"Run581"
"RNA023175",8954,"Run581"
"RNA023176",6472,"Run581"
"RNA023177",5915,"Run581"
"RNA023178",7780,"Run581"
"RNA023179",5976,"Run581"
"RNA023180",5496,"Run581"
"RNA023181",6578,"Run581"
"RNA023182",6513,"Run581"
"RNA023183",5177,"Run581"
"RNA023184",2023,"Run581"
"RNA023185",8801,"Run581"
"RNA023186",4455,"Run581"
"RNA023187",3577,"Run581"
"RNA023188",3266,"Run581"
"RNA023190",6591,"Run581"
"RNA023191",7883,"Run588"
"RNA023192",5557,"Run588"
"RNA023193",7200,"Run588"
"RNA023194",4247,"Run588"
"RNA023195",7022,"Run588"
"RNA023196",5408,"Run588"
"RNA023198",6894,"Run588"
"RNA023199",5381,"Run588"
"RNA023200",6021,"Run588"
"RNA023201",6000,"Run588"
"RNA023202",4265,"Run588"
"RNA023203",7108,"Run588"
"RNA023204",7925,"Run588"
"RNA023205",8448,"Run588"
"RNA023206",7026,"Run588"
"RNA023207",5542,"Run588"
"RNA023208",5526,"Run588"
"RNA023209",6457,"Run588"
"RNA023210",6737,"Run588"
"RNA023211",4350,"Run588"
"RNA023212",6146,"Run588"
"RNA023213",6740,"Run588"
"RNA023214",6483,"Run588"
"RNA023215",5632,"Run588"
"RNA023216",6433,"Run588"
"RNA023217",6039,"Run588"
"RNA023218",7926,"Run588"
"RNA023219",3759,"Run588"
"RNA023220",6234,"Run588"
"RNA023221",6339,"Run588"
"RNA023222",6004,"Run588"
"RNA023223",8126,"Run588"
"RNA023224",7174,"Run588"
"RNA023225",3007,"Run588"
"RNA023226",4673,"Run588"
"RNA023227",8973,"Run588"
"RNA023228",8345,"Run588"
"RNA023229",8976,"Run588"
"RNA023230",7590,"Run588"
"RNA023231",7564,"Run588"
"RNA023232",7708,"Run588"
"RNA023233",6038,"Run588"
"RNA023234",8013,"Run588"
"RNA023235",6592,"Run588"
"RNA023236",6108,"Run588"
"RNA023237",5849,"Run588"
"RNA023238",8019,"Run588"
"RNA023239",5924,"Run588"
"RNA023240",7475,"Run588"
"RNA023241",6575,"Run588"
"RNA023242",9216,"Run588"
"RNA023243",9647,"Run588"
"RNA023244",6537,"Run588"
"RNA023245",8164,"Run588"
"RNA023246",8341,"Run588"
"RNA023247",4993,"Run588"
"RNA023248",6332,"Run588"
"RNA023249",7571,"Run588"
"RNA023250",9270,"Run588"
"RNA023252",7076,"Run588"
"RNA023253",5120,"Run588"
"RNA023254",6270,"Run588"
"RNA023255",8528,"Run588"
"RNA023256",8933,"Run588"
"RNA023257",6149,"Run588"
"RNA023258",4689,"Run588"
"RNA023259",6300,"Run588"
"RNA023260",7015,"Run588"
"RNA023261",6009,"Run588"
"RNA023262",6223,"Run588"
"RNA023263",128,"Run588"
"RNA023264",5328,"Run588"
"RNA023265",6798,"Run588"
"RNA023266",7660,"Run588"
"RNA023267",8025,"Run588"
"RNA023268",8720,"Run588"
"RNA023269",5280,"Run588"
"RNA023270",3854,"Run588"
"RNA023271",4341,"Run588"
"RNA023272",8080,"Run588"
"RNA023273",8464,"Run588"
"RNA023274",5854,"Run588"
"RNA023275",3873,"Run588"
"RNA023276",7525,"Run588"
"RNA023277",7433,"Run588"
"RNA023278",7688,"Run588"
"RNA023279",1291,"Run588"
"RNA023280",2676,"Run588"
"RNA023281",5010,"Run588"
"RNA023282",7070,"Run588"
"RNA023283",47,"Run588"
"RNA023284",8526,"Run588"
"RNA023285",7143,"Run588"
"RNA023286",6898,"Run588"
"RNA023287",5344,"Run588"
"RNA023288",5823,"Run588"
"RNA023289",6395,"Run588"
"RNA023290",8160,"Run588"
"RNA023291",6413,"Run588"
"RNA023292",3865,"Run588"
"RNA023293",5184,"Run588"
"RNA023294",5241,"Run588"
"RNA023295",5039,"Run588"
"RNA023296",4885,"Run588"
"RNA023297",7061,"Run588"
"RNA023298",7667,"Run588"
"RNA023299",6436,"Run588"
"RNA023300",4368,"Run588"
"RNA023301",6532,"Run588"
"RNA023302",5096,"Run588"
"RNA023303",5153,"Run588"
"RNA023304",5530,"Run588"
"RNA023305",3132,"Run588"
"RNA023306",3377,"Run588"
"RNA023307",4458,"Run588"
"RNA023308",3708,"Run588"
"RNA023309",4616,"Run588"
"RNA023310",5790,"Run588"
"RNA023311",5498,"Run588"
"RNA023312",6753,"Run588"
"RNA023313",230,"Run588"
"RNA023314",7593,"Run588"
"RNA023315",6089,"Run588"
"RNA023316",5728,"Run588"
"RNA023317",7908,"Run588"
"RNA023318",7341,"Run588"
"RNA023319",4788,"Run588"
"RNA023320",1391,"Run588"
"RNA023321",5611,"Run588"
"RNA023322",6226,"Run588"
"RNA023323",1661,"Run588"
"RNA023324",2815,"Run588"
"RNA023325",4997,"Run588"
"RNA023326",3837,"Run588"
"RNA023327",3471,"Run588"
"RNA023328",4165,"Run588"
"RNA023329",2934,"Run588"
"RNA023330",4099,"Run588"
"RNA023331",5649,"Run588"
"RNA023332",7883,"Run588"
"RNA023333",7129,"Run588"
"RNA023334",5390,"Run588"
"RNA023335",3004,"Run588"
"RNA023336",5448,"Run588"
"RNA023337",5484,"Run588"
"RNA023338",6340,"Run588"
"RNA023339",6058,"Run588"
"RNA023340",4420,"Run588"
"RNA023341",5597,"Run588"
"RNA023342",7688,"Run588"
"RNA023343",3413,"Run588"
"RNA023344",5195,"Run588"
"RNA023345",5384,"Run588"
"RNA023346",8463,"Run588"
"RNA023347",7364,"Run588"
"RNA023348",5376,"Run588"
"RNA023349",2631,"Run588"
"RNA023350",5717,"Run588"
"RNA023351",4498,"Run588"
"RNA023352",7017,"Run588"
"RNA023353",7763,"Run588"
"RNA023354",3782,"Run588"
"RNA023355",4617,"Run588"
"RNA023356",5515,"Run588"
"RNA023357",6997,"Run588"
"RNA023358",5532,"Run588"
"RNA023359",7234,"Run588"
"RNA023360",8069,"Run588"
"RNA023361",4045,"Run588"
"RNA023362",3527,"Run588"
"RNA023363",4801,"Run588"
"RNA023364",2214,"Run588"
"RNA023365",4337,"Run588"
"RNA023366",4771,"Run588"
"RNA023367",4413,"Run588"
"RNA023368",7105,"Run588"
"RNA023369",4049,"Run588"
"RNA023370",5357,"Run588"
"RNA023371",8087,"Run588"
"RNA023372",5830,"Run588"
"RNA023373",4194,"Run588"
"RNA023374",6516,"Run588"
"RNA023375",3610,"Run588"
"RNA023376",2644,"Run588"
"RNA023377",2326,"Run588"
"RNA023378",5673,"Run588"
"RNA023379",4158,"Run588"
"RNA023380",4133,"Run588"
"RNA023381",3930,"Run588"
"RNA023382",4649,"Run588"
"RNA023383",5350,"Run590"
"RNA023384",7335,"Run590"
"RNA023385",6351,"Run590"
"RNA023386",7241,"Run590"
"RNA023387",8602,"Run590"
"RNA023388",6536,"Run590"
"RNA023389",8826,"Run590"
"RNA023390",7704,"Run590"
"RNA023391",7973,"Run590"
"RNA023392",6202,"Run590"
"RNA023393",6845,"Run590"
"RNA023394",8464,"Run590"
"RNA023395",6011,"Run590"
"RNA023396",5932,"Run590"
"RNA023397",6690,"Run590"
"RNA023398",6433,"Run590"
"RNA023399",5107,"Run590"
"RNA023400",6434,"Run590"
"RNA023401",5413,"Run590"
"RNA023402",7065,"Run590"
"RNA023403",5181,"Run590"
"RNA023404",7186,"Run590"
"RNA023405",7251,"Run590"
"RNA023406",5262,"Run590"
"RNA023407",8991,"Run590"
"RNA023408",4645,"Run590"
"RNA023409",4730,"Run590"
"RNA023410",5144,"Run590"
"RNA023411",3872,"Run590"
"RNA023412",5510,"Run590"
"RNA023413",3779,"Run590"
"RNA023414",5225,"Run590"
"RNA023415",2664,"Run590"
"RNA023416",4853,"Run590"
"RNA023417",4149,"Run590"
"RNA023418",1890,"Run590"
"RNA023419",3926,"Run590"
"RNA023420",6095,"Run590"
"RNA023421",7115,"Run590"
"RNA023422",6860,"Run590"
"RNA023423",5569,"Run590"
"RNA023424",3301,"Run590"
"RNA023425",5176,"Run590"
"RNA023426",5631,"Run590"
"RNA023427",3274,"Run590"
"RNA023428",6520,"Run590"
"RNA023429",5803,"Run590"
"RNA023430",7360,"Run590"
"RNA023431",4850,"Run590"
"RNA023432",6958,"Run590"
"RNA023433",3288,"Run590"
"RNA023434",5978,"Run590"
"RNA023435",6804,"Run590"
"RNA023436",6522,"Run590"
"RNA023437",4375,"Run590"
"RNA023438",5776,"Run590"
"RNA023439",1700,"Run590"
"RNA023440",7658,"Run590"
"RNA023441",5381,"Run590"
"RNA023442",3078,"Run590"
"RNA023443",5403,"Run590"
"RNA023444",2455,"Run590"
"RNA023445",5381,"Run590"
"RNA023446",3279,"Run590"
"RNA023447",4319,"Run590"
"RNA023448",8929,"Run590"
"RNA023449",6716,"Run590"
"RNA023450",7506,"Run590"
"RNA023451",5318,"Run590"
"RNA023452",3435,"Run590"
"RNA023453",7925,"Run590"
"RNA023454",6792,"Run590"
"RNA023455",8045,"Run590"
"RNA023456",4533,"Run590"
"RNA023457",5324,"Run590"
"RNA023458",2322,"Run590"
"RNA023459",6991,"Run590"
"RNA023460",8022,"Run590"
"RNA023461",8424,"Run590"
"RNA023462",3804,"Run590"
"RNA023463",5813,"Run590"
"RNA023464",6535,"Run590"
"RNA023465",5235,"Run590"
"RNA023466",4816,"Run590"
"RNA023467",5706,"Run590"
"RNA023468",7662,"Run590"
"RNA023469",3339,"Run590"
"RNA023470",3046,"Run590"
"RNA023471",5536,"Run590"
"RNA023472",4917,"Run590"
"RNA023473",3866,"Run590"
"RNA023474",3397,"Run590"
"RNA023475",1930,"Run590"
"RNA023476",5480,"Run590"
"RNA023477",7436,"Run590"
"RNA023478",5352,"Run590"
"RNA023479",7553,"Run590"
"RNA023480",6586,"Run590"
"RNA023481",4996,"Run590"
"RNA023482",7574,"Run590"
"RNA023483",5795,"Run590"
"RNA023484",7508,"Run590"
"RNA023485",7207,"Run590"
"RNA023486",6209,"Run590"
"RNA023487",6053,"Run590"
"RNA023488",6621,"Run590"
"RNA023489",6067,"Run590"
"RNA023490",7146,"Run590"
"RNA023491",4740,"Run590"
"RNA023492",6872,"Run590"
"RNA023493",7971,"Run590"
"RNA023494",6165,"Run590"
"RNA023495",5494,"Run590"
"RNA023496",6121,"Run590"
"RNA023497",7579,"Run590"
"RNA023498",6122,"Run590"
"RNA023499",5985,"Run590"
"RNA023500",6179,"Run590"
"RNA023501",6291,"Run590"
"RNA023502",6215,"Run590"
"RNA023503",6811,"Run590"
"RNA023504",7284,"Run590"
"RNA023505",4980,"Run590"
"RNA023506",6005,"Run590"
"RNA023507",5420,"Run590"
"RNA023508",5567,"Run590"
"RNA023509",6824,"Run590"
"RNA023510",7477,"Run590"
"RNA023511",7529,"Run590"
"RNA023512",8045,"Run590"
"RNA023513",5914,"Run590"
"RNA023514",7444,"Run590"
"RNA023515",5984,"Run590"
"RNA023516",8057,"Run590"
"RNA023517",5999,"Run590"
"RNA023518",6686,"Run590"
"RNA023519",7048,"Run590"
"RNA023520",6921,"Run590"
"RNA023521",6532,"Run590"
"RNA023522",6378,"Run590"
"RNA023523",5921,"Run590"
"RNA023524",3993,"Run590"
"RNA023525",6162,"Run590"
"RNA023526",4205,"Run590"
"RNA023527",5628,"Run590"
"RNA023528",6668,"Run590"
"RNA023529",5890,"Run590"
"RNA023530",5947,"Run590"
"RNA023531",3556,"Run590"
"RNA023532",3453,"Run590"
"RNA023533",3485,"Run590"
"RNA023534",6913,"Run590"
"RNA023535",1372,"Run590"
"RNA023536",5080,"Run590"
"RNA023537",6895,"Run590"
"RNA023538",6119,"Run590"
"RNA023539",7435,"Run590"
"RNA023540",6960,"Run590"
"RNA023541",6113,"Run590"
"RNA023542",3622,"Run590"
"RNA023543",6849,"Run590"
"RNA023544",4468,"Run590"
"RNA023545",5703,"Run590"
"RNA023546",6527,"Run590"
"RNA023547",7071,"Run590"
"RNA023549",4741,"Run590"
"RNA023550",6860,"Run590"
"RNA023551",6832,"Run590"
"RNA023552",7993,"Run590"
"RNA023553",6404,"Run590"
"RNA023554",6781,"Run590"
"RNA023555",5096,"Run590"
"RNA023556",4846,"Run590"
"RNA023559",5928,"Run590"
"RNA023560",9125,"Run590"
"RNA023561",4541,"Run590"
"RNA023562",5478,"Run590"
"RNA023563",3944,"Run590"
"RNA023564",4471,"Run590"
"RNA023565",4479,"Run590"
"RNA023567",7450,"Run590"
"RNA023568",6082,"Run590"
"RNA023569",5611,"Run590"
"RNA023570",4160,"Run590"
"RNA023571",4791,"Run590"
"RNA023572",4467,"Run590"
"RNA023573",6259,"Run590"
"RNA023575",5990,"Run598"
"RNA023576",3333,"Run598"
"RNA023577",6785,"Run598"
"RNA023578",6936,"Run598"
"RNA023579",6395,"Run598"
"RNA023580",6723,"Run598"
"RNA023581",5383,"Run598"
"RNA023582",4764,"Run598"
"RNA023583",3908,"Run598"
"RNA023585",6758,"Run598"
"RNA023586",7331,"Run598"
"RNA023587",6071,"Run598"
"RNA023588",7093,"Run598"
"RNA023590",7270,"Run598"
"RNA023591",8407,"Run598"
"RNA023592",2990,"Run598"
"RNA023593",6825,"Run598"
"RNA023594",7118,"Run598"
"RNA023595",6683,"Run598"
"RNA023596",5408,"Run598"
"RNA023597",8010,"Run598"
"RNA023598",6737,"Run598"
"RNA023599",1440,"Run598"
"RNA023601",9681,"Run598"
"RNA023602",8552,"Run598"
"RNA023603",6169,"Run598"
"RNA023605",7352,"Run598"
"RNA023606",7496,"Run598"
"RNA023607",7188,"Run598"
"RNA023608",8653,"Run598"
"RNA023609",8556,"Run598"
"RNA023610",6128,"Run598"
"RNA023611",7161,"Run598"
"RNA023613",7630,"Run598"
"RNA023614",4962,"Run598"
"RNA023615",7059,"Run598"
"RNA023617",8772,"Run598"
"RNA023618",6623,"Run598"
"RNA023619",5621,"Run598"
"RNA023620",4066,"Run598"
"RNA023621",5725,"Run598"
"RNA023622",3601,"Run598"
"RNA023623",5854,"Run598"
"RNA023624",5612,"Run598"
"RNA023625",6957,"Run598"
"RNA023626",6547,"Run598"
"RNA023629",8531,"Run598"
"RNA023630",8060,"Run598"
"RNA023631",4368,"Run598"
"RNA023632",6031,"Run598"
"RNA023633",4580,"Run598"
"RNA023634",6068,"Run598"
"RNA023635",6801,"Run598"
"RNA023636",6242,"Run598"
"RNA023637",6674,"Run598"
"RNA023638",5218,"Run598"
"RNA023639",6730,"Run598"
"RNA023640",6235,"Run598"
"RNA023641",5086,"Run598"
"RNA023642",4434,"Run598"
"RNA023643",9067,"Run598"
"RNA023644",7414,"Run598"
"RNA023645",8082,"Run598"
"RNA023646",6086,"Run598"
"RNA023647",6757,"Run598"
"RNA023654",6072,"Run598"
