"","Sample","uniquely_mapped","uniquely_mapped_percent","Run"
"1","RNA015584",9809928,38.74,"Cohort1"
"2","RNA015585",5401800,23.09,"Cohort1"
"3","RNA015586",5127382,21.63,"Cohort1"
"4","RNA015587",9521481,31.22,"Cohort1"
"5","RNA015588",13689523,37.06,"Cohort1"
"6","RNA015589",8201043,34.82,"Cohort1"
"7","RNA015590",5118990,20.7,"Cohort1"
"8","RNA015591",7116786,30.57,"Cohort1"
"9","RNA015592",10616440,33.18,"Cohort1"
"10","RNA015593",7455812,33.58,"Cohort1"
"11","RNA015594",6455982,28.53,"Cohort1"
"12","RNA015595",11636433,38.89,"Cohort1"
"13","RNA015596",8454661,32.95,"Cohort1"
"14","RNA015597",11801262,32.97,"Cohort1"
"15","RNA015598",3902871,26.23,"Cohort1"
"16","RNA015599",13155917,38.79,"Cohort1"
"17","RNA015600",5929970,27.5,"Cohort1"
"18","RNA015601",14039290,40.63,"Cohort1"
"19","RNA015602",11263197,35.48,"Cohort1"
"20","RNA015603",5654550,23.96,"Cohort1"
"21","RNA015604",12310637,41.17,"Cohort1"
"22","RNA015605",6785112,27.37,"Cohort1"
"23","RNA015606",11517941,32.88,"Cohort1"
"24","RNA015607",9190348,32.13,"Cohort1"
"25","RNA015715",9215988,36.09,"Cohort1"
"26","RNA015716",7817891,28.35,"Cohort1"
"27","RNA015717",7351396,29.98,"Cohort1"
"28","RNA015718",12251140,37.4,"Cohort1"
"29","RNA015719",12030295,42.48,"Cohort1"
"30","RNA015720",7543299,29.59,"Cohort1"
"31","RNA015721",11365872,36.22,"Cohort1"
"32","RNA015722",8208906,27.76,"Cohort1"
"33","RNA015723",5547098,22.96,"Cohort1"
"34","RNA015724",11484792,42.09,"Cohort1"
"35","RNA015725",6439391,24.34,"Cohort1"
"36","RNA015726",9441261,29.98,"Cohort1"
"37","RNA015727",11706495,36.43,"Cohort1"
"38","RNA015728",5546530,24.04,"Cohort1"
"39","RNA015729",8070616,29.83,"Cohort1"
"40","RNA015730",9278908,32.73,"Cohort1"
"41","RNA015731",6409634,25.31,"Cohort1"
"42","RNA015732",2972132,15.56,"Cohort1"
"43","RNA015733",5242672,24.07,"Cohort1"
"44","RNA015734",2024775,11.15,"Cohort1"
"45","RNA015735",7772905,32.75,"Cohort1"
"46","RNA015736",13097461,39.45,"Cohort1"
"47","RNA015737",14331143,40.98,"Cohort1"
"48","RNA015738",10604423,36.32,"Cohort1"
"49","RNA015780",11262930,38.68,"Cohort1"
"50","RNA015781",9915180,33.46,"Cohort1"
"51","RNA015782",9292806,32.71,"Cohort1"
"52","RNA015783",10450708,33.56,"Cohort1"
"53","RNA015784",2706403,13.27,"Cohort1"
"54","RNA015785",6240915,26.49,"Cohort1"
"55","RNA015786",6475307,25.29,"Cohort1"
"56","RNA015787",10192841,32.69,"Cohort1"
"57","RNA015788",10464895,40.57,"Cohort1"
"58","RNA015789",6912989,31.49,"Cohort1"
"59","RNA015790",9212584,28.54,"Cohort1"
"60","RNA015791",10235493,39.39,"Cohort1"
"61","RNA015822",10102693,31.14,"Cohort1"
"62","RNA015823",11202176,34.94,"Cohort1"
"63","RNA015824",4934011,21.27,"Cohort1"
"64","RNA015825",2194262,11.74,"Cohort1"
"65","RNA015826",9136441,32.8,"Cohort1"
"66","RNA015827",9482956,31.96,"Cohort1"
"67","RNA015828",11083980,36.5,"Cohort1"
"68","RNA015829",6902250,28.08,"Cohort1"
"69","RNA015830",10555150,31.75,"Cohort1"
"70","RNA015831",10214520,33.27,"Cohort1"
"71","RNA015832",11554829,43.27,"Cohort1"
"72","RNA015833",9527402,35.3,"Cohort1"
"73","RNA015834",10642191,37.1,"Cohort1"
"74","RNA015835",10632683,39.31,"Cohort1"
"75","RNA015836",9507482,36.96,"Cohort1"
"76","RNA015837",4636139,21.81,"Cohort1"
"77","RNA015838",4724010,20.27,"Cohort1"
"78","RNA015839",10814645,35.62,"Cohort1"
"79","RNA015840",9684855,30.34,"Cohort1"
"80","RNA015841",13120907,35.73,"Cohort1"
"81","RNA015842",9272449,30.64,"Cohort1"
"82","RNA015843",7906119,28.86,"Cohort1"
"83","RNA015844",9433659,30.04,"Cohort1"
"84","RNA015845",11080012,36.44,"Cohort1"
"85","RNA015846",12090643,37.11,"Cohort1"
"86","RNA015847",7810384,30.49,"Cohort1"
"87","RNA015848",2785616,12.5,"Cohort1"
"88","RNA015849",9044420,33.32,"Cohort1"
"89","RNA015850",8876374,26.76,"Cohort1"
"90","RNA015851",10167231,32.03,"Cohort1"
"91","RNA015852",7465656,22.99,"Cohort1"
"92","RNA015853",7496281,30.22,"Cohort1"
"93","RNA015854",7088585,31.13,"Cohort1"
"94","RNA015855",1673476,4.89,"Cohort1"
"95","RNA015856",10501827,36.98,"Cohort1"
"96","RNA015857",7233306,29.09,"Cohort1"
"97","RNA015858",13421660,40.76,"Cohort1"
"98","RNA015859",8457693,31.97,"Cohort1"
"99","RNA015860",5982283,24.94,"Cohort1"
"100","RNA015861",7516812,30.33,"Cohort1"
"101","RNA015862",6096060,25.52,"Cohort1"
"102","RNA015863",11530577,33.64,"Cohort1"
"103","RNA015864",111840,2.55,"Cohort1"
"104","RNA015865",7555931,28.63,"Cohort1"
"105","RNA015866",13391206,40.31,"Cohort1"
"106","RNA015867",6746077,27.05,"Cohort1"
"107","RNA015868",9009315,32.99,"Cohort1"
"108","RNA015869",11163910,38.34,"Cohort1"
"109","RNA015970",9392786,32.68,"Cohort1"
"110","RNA015971",8590689,32.06,"Cohort1"
"111","RNA015972",5212573,26.16,"Cohort1"
"112","RNA015973",2190144,13.6,"Cohort1"
"113","RNA015974",9553919,34.26,"Cohort1"
"114","RNA022999",10509291,52.68,"Run581"
"115","RNA023000",9503256,50.43,"Run581"
"116","RNA023001",7316319,51.04,"Run581"
"117","RNA023002",4874974,41.25,"Run581"
"118","RNA023003",13230153,60.03,"Run581"
"119","RNA023004",9171985,48.98,"Run581"
"120","RNA023005",12477606,54.42,"Run581"
"121","RNA023006",6880366,36.79,"Run581"
"122","RNA023007",10752740,57.07,"Run581"
"123","RNA023008",13080823,60.55,"Run581"
"124","RNA023009",11177358,59.11,"Run581"
"125","RNA023010",11050558,58.65,"Run581"
"126","RNA023011",12820536,59.67,"Run581"
"127","RNA023012",10944247,44.84,"Run581"
"128","RNA023013",9089411,40.93,"Run581"
"129","RNA023014",8737213,43.94,"Run581"
"130","RNA023015",9460494,55.91,"Run581"
"131","RNA023016",9592766,52.41,"Run581"
"132","RNA023017",10204356,55.32,"Run581"
"133","RNA023018",10246057,52.08,"Run581"
"134","RNA023019",13157796,61.17,"Run581"
"135","RNA023020",8331156,52.12,"Run581"
"136","RNA023021",9849544,50.85,"Run581"
"137","RNA023022",9161384,54.83,"Run581"
"138","RNA023023",13930384,65.81,"Run581"
"139","RNA023024",11410067,63.89,"Run581"
"140","RNA023025",11509977,55.55,"Run581"
"141","RNA023026",10837631,57.69,"Run581"
"142","RNA023027",12147527,60.44,"Run581"
"143","RNA023028",10899304,55.75,"Run581"
"144","RNA023029",12441097,62.82,"Run581"
"145","RNA023030",8326256,42.78,"Run581"
"146","RNA023031",9628571,50.62,"Run581"
"147","RNA023032",6746066,41.62,"Run581"
"148","RNA023033",9474787,39.48,"Run581"
"149","RNA023034",1232502,6.37,"Run581"
"150","RNA023035",13588257,64.69,"Run581"
"151","RNA023036",14057294,63.64,"Run581"
"152","RNA023037",14836890,61.54,"Run581"
"153","RNA023039",8639477,47.61,"Run581"
"154","RNA023040",11081153,48.09,"Run581"
"155","RNA023041",10081726,48.93,"Run581"
"156","RNA023042",11429110,55.58,"Run581"
"157","RNA023044",9013244,50.64,"Run581"
"158","RNA023045",9555216,48.17,"Run581"
"159","RNA023046",5209722,28.84,"Run581"
"160","RNA023047",8376199,45.88,"Run581"
"161","RNA023048",12468202,60.07,"Run581"
"162","RNA023049",11008679,51.13,"Run581"
"163","RNA023050",9526380,53.86,"Run581"
"164","RNA023051",9759989,51.3,"Run581"
"165","RNA023052",8147693,45.4,"Run581"
"166","RNA023053",8111326,50,"Run581"
"167","RNA023054",9374704,50.13,"Run581"
"168","RNA023055",10139368,47.71,"Run581"
"169","RNA023056",10336959,55.22,"Run581"
"170","RNA023057",13055924,69.67,"Run581"
"171","RNA023058",14443154,69.49,"Run581"
"172","RNA023059",12159748,59.78,"Run581"
"173","RNA023060",10019434,55.42,"Run581"
"174","RNA023061",9130457,48.64,"Run581"
"175","RNA023062",7584185,45.93,"Run581"
"176","RNA023063",11537389,64.58,"Run581"
"177","RNA023064",11166274,65.59,"Run581"
"178","RNA023065",14910279,66.47,"Run581"
"179","RNA023066",12872705,60.5,"Run581"
"180","RNA023067",11602209,64.78,"Run581"
"181","RNA023068",12587526,67.83,"Run581"
"182","RNA023069",13826955,64.16,"Run581"
"183","RNA023070",11116400,62.42,"Run581"
"184","RNA023071",12586340,69.98,"Run581"
"185","RNA023072",9699623,48.95,"Run581"
"186","RNA023073",11243607,55.99,"Run581"
"187","RNA023074",10486629,45.25,"Run581"
"188","RNA023075",11163158,58.91,"Run581"
"189","RNA023076",11802664,64.84,"Run581"
"190","RNA023077",10151051,60.13,"Run581"
"191","RNA023078",13117271,61.88,"Run581"
"192","RNA023079",9905089,50.65,"Run581"
"193","RNA023080",12163726,62.28,"Run581"
"194","RNA023081",11057466,57.68,"Run581"
"195","RNA023082",12908262,64.98,"Run581"
"196","RNA023083",11808606,60.73,"Run581"
"197","RNA023084",15503978,66.44,"Run581"
"198","RNA023085",9175792,55.83,"Run581"
"199","RNA023086",11315900,59.97,"Run581"
"200","RNA023087",10729541,63.1,"Run581"
"201","RNA023088",6914749,49.4,"Run581"
"202","RNA023089",8465621,55.9,"Run581"
"203","RNA023091",3600465,23.01,"Run581"
"204","RNA023092",9496595,59.29,"Run581"
"205","RNA023093",9056643,55.87,"Run581"
"206","RNA023094",9210296,51.74,"Run581"
"207","RNA023095",13816729,63.25,"Run581"
"208","RNA023096",11448547,61.38,"Run581"
"209","RNA023097",12073758,62.88,"Run581"
"210","RNA023098",10937241,57.23,"Run581"
"211","RNA023099",12565306,62.94,"Run581"
"212","RNA023100",10826467,59.71,"Run581"
"213","RNA023101",11387545,56.69,"Run581"
"214","RNA023102",11427263,52.62,"Run581"
"215","RNA023103",10523577,50.31,"Run581"
"216","RNA023104",11729089,57.15,"Run581"
"217","RNA023105",13291763,66.08,"Run581"
"218","RNA023106",13339914,61.82,"Run581"
"219","RNA023107",15607942,65.94,"Run581"
"220","RNA023108",13938254,64.56,"Run581"
"221","RNA023109",14431618,61.25,"Run581"
"222","RNA023110",12285046,59.26,"Run581"
"223","RNA023111",11046750,63.47,"Run581"
"224","RNA023112",9811005,55.94,"Run581"
"225","RNA023113",15772415,68.36,"Run581"
"226","RNA023114",9316510,52.83,"Run581"
"227","RNA023115",9967229,49.61,"Run581"
"228","RNA023116",16632205,74.2,"Run581"
"229","RNA023117",14999272,65.19,"Run581"
"230","RNA023118",12641872,66.62,"Run581"
"231","RNA023119",14024833,64.61,"Run581"
"232","RNA023120",14059509,68.06,"Run581"
"233","RNA023121",10152485,57.28,"Run581"
"234","RNA023122",12991079,66.73,"Run581"
"235","RNA023123",11933245,56.54,"Run581"
"236","RNA023124",13470486,60.35,"Run581"
"237","RNA023125",14042697,57.2,"Run581"
"238","RNA023126",13180176,59,"Run581"
"239","RNA023127",12127611,60.69,"Run581"
"240","RNA023128",14313139,59.28,"Run581"
"241","RNA023129",13363164,61.47,"Run581"
"242","RNA023130",12771100,54.99,"Run581"
"243","RNA023131",11123681,58.17,"Run581"
"244","RNA023132",13515180,63.38,"Run581"
"245","RNA023133",13820879,54.32,"Run581"
"246","RNA023134",9614202,48.44,"Run581"
"247","RNA023135",15357051,66.95,"Run581"
"248","RNA023136",12561561,60.39,"Run581"
"249","RNA023137",12704151,60.95,"Run581"
"250","RNA023138",12580052,61.13,"Run581"
"251","RNA023139",11222613,55.56,"Run581"
"252","RNA023140",16667347,64.78,"Run581"
"253","RNA023141",12877867,55.18,"Run581"
"254","RNA023142",12896248,63.81,"Run581"
"255","RNA023143",12917886,65.19,"Run581"
"256","RNA023145",9929351,41.57,"Run581"
"257","RNA023146",10866740,48.37,"Run581"
"258","RNA023147",7295779,32.37,"Run581"
"259","RNA023148",9682580,44.96,"Run581"
"260","RNA023149",13456644,63.5,"Run581"
"261","RNA023150",12994868,63.23,"Run581"
"262","RNA023151",10182636,48.24,"Run581"
"263","RNA023152",10180465,46.44,"Run581"
"264","RNA023153",13550536,65.9,"Run581"
"265","RNA023154",13438808,61,"Run581"
"266","RNA023155",12771893,62.39,"Run581"
"267","RNA023156",13088458,56.33,"Run581"
"268","RNA023157",13168639,65.19,"Run581"
"269","RNA023158",9429698,47.96,"Run581"
"270","RNA023159",12535779,68.45,"Run581"
"271","RNA023160",15811964,68.59,"Run581"
"272","RNA023161",12373067,68.21,"Run581"
"273","RNA023162",14884947,67.22,"Run581"
"274","RNA023163",11579558,54.59,"Run581"
"275","RNA023164",13234066,65.76,"Run581"
"276","RNA023165",10761061,52.25,"Run581"
"277","RNA023166",13709497,62.18,"Run581"
"278","RNA023167",13146782,70.86,"Run581"
"279","RNA023168",15496356,67.65,"Run581"
"280","RNA023169",14342367,62.99,"Run581"
"281","RNA023170",14019767,61.89,"Run581"
"282","RNA023171",13613058,66.11,"Run581"
"283","RNA023172",13912593,70.05,"Run581"
"284","RNA023173",11550870,61.35,"Run581"
"285","RNA023174",12183394,55.04,"Run581"
"286","RNA023175",11433344,63.15,"Run581"
"287","RNA023176",16304149,62.66,"Run581"
"288","RNA023177",12115441,62.11,"Run581"
"289","RNA023178",10489322,47.58,"Run581"
"290","RNA023179",11946484,56.47,"Run581"
"291","RNA023180",10687613,47.37,"Run581"
"292","RNA023181",11483650,62.98,"Run581"
"293","RNA023182",13321005,64.85,"Run581"
"294","RNA023183",12017683,55.75,"Run581"
"295","RNA023184",6039840,25.9,"Run581"
"296","RNA023185",9288238,52.42,"Run581"
"297","RNA023186",12813011,62.82,"Run581"
"298","RNA023187",13754011,63.57,"Run581"
"299","RNA023188",12522060,61.42,"Run581"
"300","RNA023190",11487492,56.34,"Run581"
"301","RNA022807",14920224,64.01,"Run582"
"302","RNA022808",11997796,65.9,"Run582"
"303","RNA022809",8243399,54.96,"Run582"
"304","RNA022810",11032808,52.12,"Run582"
"305","RNA022811",11782723,58.77,"Run582"
"306","RNA022812",8908216,57.89,"Run582"
"307","RNA022813",7131668,46.77,"Run582"
"308","RNA022814",8146849,55.69,"Run582"
"309","RNA022815",9955705,55.83,"Run582"
"310","RNA022816",10859938,61.42,"Run582"
"311","RNA022817",7466870,57.93,"Run582"
"312","RNA022818",11780700,66,"Run582"
"313","RNA022819",9307860,52.51,"Run582"
"314","RNA022820",10531784,55.33,"Run582"
"315","RNA022821",9286006,52.27,"Run582"
"316","RNA022822",10887434,59.09,"Run582"
"317","RNA022823",11662137,70.89,"Run582"
"318","RNA022824",12212591,66.95,"Run582"
"319","RNA022825",11526719,62.75,"Run582"
"320","RNA022826",11198558,62.05,"Run582"
"321","RNA022827",4474374,23.77,"Run582"
"322","RNA022828",4819979,29.06,"Run582"
"323","RNA022829",4248900,22.76,"Run582"
"324","RNA022830",4278923,24.1,"Run582"
"325","RNA022831",9043969,44.48,"Run582"
"326","RNA022832",11774801,58.41,"Run582"
"327","RNA022833",11310433,60.88,"Run582"
"328","RNA022834",11148472,55.71,"Run582"
"329","RNA022835",11086697,58.25,"Run582"
"330","RNA022836",9646218,66.38,"Run582"
"331","RNA022837",10073815,63.51,"Run582"
"332","RNA022838",11856676,56.86,"Run582"
"333","RNA022839",10659165,56.15,"Run582"
"334","RNA022840",11126486,56.2,"Run582"
"335","RNA022841",15471388,65.57,"Run582"
"336","RNA022842",8119738,48.05,"Run582"
"337","RNA022843",12705459,65.53,"Run582"
"338","RNA022844",11778650,65.71,"Run582"
"339","RNA022845",14130527,68.8,"Run582"
"340","RNA022846",10707902,55.1,"Run582"
"341","RNA022847",6595233,38.63,"Run582"
"342","RNA022848",10579528,51.09,"Run582"
"343","RNA022849",11567288,64.69,"Run582"
"344","RNA022850",10639108,59.18,"Run582"
"345","RNA022851",11484394,58.72,"Run582"
"346","RNA022852",12067527,64.89,"Run582"
"347","RNA022853",12810162,64.1,"Run582"
"348","RNA022854",10073496,61.26,"Run582"
"349","RNA022855",10193614,67.2,"Run582"
"350","RNA022856",12208930,61.08,"Run582"
"351","RNA022857",14184633,70.45,"Run582"
"352","RNA022858",12400255,66.43,"Run582"
"353","RNA022859",1824065,8.37,"Run582"
"354","RNA022860",12434313,64.72,"Run582"
"355","RNA022861",9139411,65.43,"Run582"
"356","RNA022862",10667835,59.5,"Run582"
"357","RNA022863",12361441,66,"Run582"
"358","RNA022864",8667598,64.63,"Run582"
"359","RNA022865",11898368,67.46,"Run582"
"360","RNA022866",10995084,70.78,"Run582"
"361","RNA022867",15436276,72.66,"Run582"
"362","RNA022868",12823317,66.52,"Run582"
"363","RNA022869",10306698,62.96,"Run582"
"364","RNA022870",11392777,60.28,"Run582"
"365","RNA022871",9528037,58.41,"Run582"
"366","RNA022872",9906634,66.16,"Run582"
"367","RNA022873",12116888,60.44,"Run582"
"368","RNA022874",11182842,62.84,"Run582"
"369","RNA022875",9502856,56.92,"Run582"
"370","RNA022876",8114517,46.32,"Run582"
"371","RNA022877",13005509,71.24,"Run582"
"372","RNA022878",11763672,62.7,"Run582"
"373","RNA022879",9581691,62.55,"Run582"
"374","RNA022880",8045698,62.04,"Run582"
"375","RNA022881",6122546,39.79,"Run582"
"376","RNA022882",12699358,59.43,"Run582"
"377","RNA022883",12839203,71.54,"Run582"
"378","RNA022884",13253855,69.94,"Run582"
"379","RNA022885",13415443,68.41,"Run582"
"380","RNA022886",14092877,61.33,"Run582"
"381","RNA022887",11624515,68.69,"Run582"
"382","RNA022888",9902502,61.37,"Run582"
"383","RNA022889",9081257,64.43,"Run582"
"384","RNA022890",5871980,33.26,"Run582"
"385","RNA022891",10509232,60.44,"Run582"
"386","RNA022892",11513031,62.05,"Run582"
"387","RNA022893",11250105,64.41,"Run582"
"388","RNA022894",12858545,69.35,"Run582"
"389","RNA022895",11473132,63.6,"Run582"
"390","RNA022896",3062723,21.61,"Run582"
"391","RNA022897",1966680,15.35,"Run582"
"392","RNA022898",7858717,47,"Run582"
"393","RNA022899",11485580,75.04,"Run582"
"394","RNA022900",12594254,76,"Run582"
"395","RNA022901",11326257,70.51,"Run582"
"396","RNA022902",16031805,68.81,"Run582"
"397","RNA022903",2239681,13.47,"Run582"
"398","RNA022904",9260402,53.26,"Run582"
"399","RNA022905",7094368,42.4,"Run582"
"400","RNA022906",8979746,49.09,"Run582"
"401","RNA022907",7906061,44.08,"Run582"
"402","RNA022908",11072541,59.45,"Run582"
"403","RNA022909",11151106,55.49,"Run582"
"404","RNA022910",10760946,50.78,"Run582"
"405","RNA022911",11872755,63.37,"Run582"
"406","RNA022912",11329949,54.78,"Run582"
"407","RNA022913",11186526,61,"Run582"
"408","RNA022914",11538179,51.3,"Run582"
"409","RNA022915",9031508,43.89,"Run582"
"410","RNA022916",10862272,55.81,"Run582"
"411","RNA022917",11669742,50.87,"Run582"
"412","RNA022918",10929980,57.54,"Run582"
"413","RNA022919",10000899,64.41,"Run582"
"414","RNA022920",10147579,61.57,"Run582"
"415","RNA022921",6027695,28.9,"Run582"
"416","RNA022922",6529303,41.43,"Run582"
"417","RNA022923",7843292,43.98,"Run582"
"418","RNA022924",11282261,55.69,"Run582"
"419","RNA022925",12201400,55.94,"Run582"
"420","RNA022926",11732677,64.03,"Run582"
"421","RNA022927",11658982,67.87,"Run582"
"422","RNA022928",7717545,43.66,"Run582"
"423","RNA022929",8905984,61.94,"Run582"
"424","RNA022930",8690333,54.62,"Run582"
"425","RNA022931",9031576,54.57,"Run582"
"426","RNA022932",11413311,57.23,"Run582"
"427","RNA022933",15146588,60.62,"Run582"
"428","RNA022934",12008900,60.04,"Run582"
"429","RNA022935",12326750,64.4,"Run582"
"430","RNA022936",12462670,63.09,"Run582"
"431","RNA022937",15039412,69.8,"Run582"
"432","RNA022938",13137858,63.67,"Run582"
"433","RNA022939",10846366,57.92,"Run582"
"434","RNA022940",10219763,53.35,"Run582"
"435","RNA022941",12438139,55.83,"Run582"
"436","RNA022942",11094779,62.07,"Run582"
"437","RNA022943",13836557,64.69,"Run582"
"438","RNA022944",12650205,60.8,"Run582"
"439","RNA022945",5325860,30.14,"Run582"
"440","RNA022946",10680586,60.81,"Run582"
"441","RNA022947",10832858,57.64,"Run582"
"442","RNA022948",12218161,64.35,"Run582"
"443","RNA022949",11984436,61.74,"Run582"
"444","RNA022950",14758522,70.9,"Run582"
"445","RNA022951",10962777,64.43,"Run582"
"446","RNA022952",14486623,66.28,"Run582"
"447","RNA022953",9534078,61.14,"Run582"
"448","RNA022954",8105594,42.74,"Run582"
"449","RNA022955",8784157,46.02,"Run582"
"450","RNA022956",11185832,53.48,"Run582"
"451","RNA022957",11566712,52.84,"Run582"
"452","RNA022958",13604262,62.38,"Run582"
"453","RNA022959",11338382,52.67,"Run582"
"454","RNA022960",13296877,57.96,"Run582"
"455","RNA022961",11041624,56.71,"Run582"
"456","RNA022962",6980565,27.45,"Run582"
"457","RNA022963",9158907,48.34,"Run582"
"458","RNA022964",4742319,22.32,"Run582"
"459","RNA022965",7182040,39.78,"Run582"
"460","RNA022966",13143060,65.66,"Run582"
"461","RNA022968",6540647,31,"Run582"
"462","RNA022969",10994106,61.77,"Run582"
"463","RNA022970",8170514,37.45,"Run582"
"464","RNA022971",10890144,54.15,"Run582"
"465","RNA022972",9229959,53.69,"Run582"
"466","RNA022973",8282650,39.13,"Run582"
"467","RNA022974",10252144,47.85,"Run582"
"468","RNA022975",9509839,47.98,"Run582"
"469","RNA022976",10377791,51.54,"Run582"
"470","RNA022977",12104738,61.29,"Run582"
"471","RNA022978",10024078,45.58,"Run582"
"472","RNA022979",9013503,47.43,"Run582"
"473","RNA022980",9931638,61.54,"Run582"
"474","RNA022981",9136860,48.13,"Run582"
"475","RNA022982",12004686,55.84,"Run582"
"476","RNA022983",9558731,59.98,"Run582"
"477","RNA022984",9373280,55.79,"Run582"
"478","RNA022985",8670979,47.85,"Run582"
"479","RNA022986",5711026,36.8,"Run582"
"480","RNA022987",5812191,33.84,"Run582"
"481","RNA022988",8356974,35.13,"Run582"
"482","RNA022989",8189197,43.64,"Run582"
"483","RNA022990",67880962,52.3,"Run582"
"484","RNA022991",10877853,54.5,"Run582"
"485","RNA022992",12410332,60.11,"Run582"
"486","RNA022993",10811032,57.33,"Run582"
"487","RNA022994",10560305,53.41,"Run582"
"488","RNA022995",7553264,40.38,"Run582"
"489","RNA022996",10061590,49.32,"Run582"
"490","RNA022997",9864702,47.74,"Run582"
"491","RNA022998",10098572,53.12,"Run582"
"492","RNA023191",11971563,65.22,"Run588"
"493","RNA023192",11006762,54.75,"Run588"
"494","RNA023193",8996427,55.59,"Run588"
"495","RNA023194",10048943,51.74,"Run588"
"496","RNA023195",9289874,56.08,"Run588"
"497","RNA023196",10004857,60.1,"Run588"
"498","RNA023198",10573867,66.89,"Run588"
"499","RNA023199",8861597,53.81,"Run588"
"500","RNA023200",9542684,54.2,"Run588"
"501","RNA023201",8725732,63.96,"Run588"
"502","RNA023202",13173077,65.84,"Run588"
"503","RNA023203",14366524,69.36,"Run588"
"504","RNA023204",11371838,71.02,"Run588"
"505","RNA023205",9683737,53.42,"Run588"
"506","RNA023206",9277613,61.2,"Run588"
"507","RNA023207",8258171,52.09,"Run588"
"508","RNA023208",11350891,65.26,"Run588"
"509","RNA023209",14685719,69.34,"Run588"
"510","RNA023210",13433207,73.36,"Run588"
"511","RNA023211",15803433,74.89,"Run588"
"512","RNA023212",11279535,69.26,"Run588"
"513","RNA023213",13060722,74.21,"Run588"
"514","RNA023214",14003982,74.63,"Run588"
"515","RNA023215",12797000,66.89,"Run588"
"516","RNA023216",12188361,65.32,"Run588"
"517","RNA023217",12755258,58.64,"Run588"
"518","RNA023218",11097647,53.05,"Run588"
"519","RNA023219",10643043,53.34,"Run588"
"520","RNA023220",4566177,27,"Run588"
"521","RNA023221",10421326,66.64,"Run588"
"522","RNA023222",13632643,69.88,"Run588"
"523","RNA023223",10636786,63.46,"Run588"
"524","RNA023224",11294755,62.73,"Run588"
"525","RNA023225",17181698,68.73,"Run588"
"526","RNA023226",7472583,42.7,"Run588"
"527","RNA023227",11907430,64.02,"Run588"
"528","RNA023228",12975079,69.81,"Run588"
"529","RNA023229",12360532,68.35,"Run588"
"530","RNA023230",46731382,65.2,"Run588"
"531","RNA023231",13183668,66.91,"Run588"
"532","RNA023232",11269278,60.96,"Run588"
"533","RNA023233",10136810,53.94,"Run588"
"534","RNA023234",11610828,60.47,"Run588"
"535","RNA023235",12758466,62.66,"Run588"
"536","RNA023236",11625789,64.66,"Run588"
"537","RNA023237",12169205,65.18,"Run588"
"538","RNA023238",9013502,59.4,"Run588"
"539","RNA023239",9640202,60.74,"Run588"
"540","RNA023240",12332915,64.26,"Run588"
"541","RNA023241",11090468,52.47,"Run588"
"542","RNA023242",11142928,63.53,"Run588"
"543","RNA023243",13661077,68.81,"Run588"
"544","RNA023244",12631092,62.18,"Run588"
"545","RNA023245",10076924,72.7,"Run588"
"546","RNA023246",10628676,62.21,"Run588"
"547","RNA023247",10935854,59.56,"Run588"
"548","RNA023248",9148690,47.86,"Run588"
"549","RNA023249",10451379,62.89,"Run588"
"550","RNA023250",11864432,60.32,"Run588"
"551","RNA023252",13005733,68.24,"Run588"
"552","RNA023253",11742294,63.58,"Run588"
"553","RNA023254",13042252,70.78,"Run588"
"554","RNA023255",8411662,54.26,"Run588"
"555","RNA023256",11330119,67.57,"Run588"
"556","RNA023257",11546353,55.41,"Run588"
"557","RNA023258",10452042,57.45,"Run588"
"558","RNA023259",11769725,63.33,"Run588"
"559","RNA023260",12789348,71.58,"Run588"
"560","RNA023261",4576559,23.05,"Run588"
"561","RNA023262",10259970,60.12,"Run588"
"562","RNA023263",10363752,52.08,"Run588"
"563","RNA023264",12102545,61.31,"Run588"
"564","RNA023265",11176791,64.27,"Run588"
"565","RNA023266",13614828,65.46,"Run588"
"566","RNA023267",12863090,66.37,"Run588"
"567","RNA023268",11953660,58.99,"Run588"
"568","RNA023269",15564547,71.01,"Run588"
"569","RNA023270",13618080,69.84,"Run588"
"570","RNA023271",14561362,62.53,"Run588"
"571","RNA023272",11226777,57.36,"Run588"
"572","RNA023273",11242375,66.72,"Run588"
"573","RNA023274",10867659,58.21,"Run588"
"574","RNA023275",10450729,52.53,"Run588"
"575","RNA023276",11710255,62.24,"Run588"
"576","RNA023277",11099178,73.59,"Run588"
"577","RNA023278",14883453,71.17,"Run588"
"578","RNA023279",9613417,48.32,"Run588"
"579","RNA023280",10018843,57.75,"Run588"
"580","RNA023281",11171130,62.79,"Run588"
"581","RNA023282",11766047,61.43,"Run588"
"582","RNA023283",12192114,71.28,"Run588"
"583","RNA023284",10355620,65.88,"Run588"
"584","RNA023285",10830188,61.64,"Run588"
"585","RNA023286",12278278,66.04,"Run588"
"586","RNA023287",12670379,59.98,"Run588"
"587","RNA023288",11081744,56.61,"Run588"
"588","RNA023289",9732843,50.87,"Run588"
"589","RNA023290",9403441,51.76,"Run588"
"590","RNA023291",11114223,56.19,"Run588"
"591","RNA023292",12778951,62.29,"Run588"
"592","RNA023293",11551301,60.19,"Run588"
"593","RNA023294",14922451,64.15,"Run588"
"594","RNA023295",10863302,54.01,"Run588"
"595","RNA023296",10773970,52.1,"Run588"
"596","RNA023297",10253298,52.57,"Run588"
"597","RNA023298",13601655,60.89,"Run588"
"598","RNA023299",13625032,55.47,"Run588"
"599","RNA023300",12856335,59.12,"Run588"
"600","RNA023301",14694040,62.69,"Run588"
"601","RNA023302",11665401,54.43,"Run588"
"602","RNA023303",9030950,52.92,"Run588"
"603","RNA023304",8813100,48.29,"Run588"
"604","RNA023305",15761242,64.6,"Run588"
"605","RNA023306",11328206,60.47,"Run588"
"606","RNA023307",13084223,69.04,"Run588"
"607","RNA023308",9379409,44.59,"Run588"
"608","RNA023309",10262160,52.03,"Run588"
"609","RNA023310",10687280,53.47,"Run588"
"610","RNA023311",10769239,57.82,"Run588"
"611","RNA023312",10776029,63.26,"Run588"
"612","RNA023313",3293302,24.93,"Run588"
"613","RNA023314",10414000,53.99,"Run588"
"614","RNA023315",11055526,54.34,"Run588"
"615","RNA023316",13169951,58.27,"Run588"
"616","RNA023317",12065810,54.19,"Run588"
"617","RNA023318",10689141,56.37,"Run588"
"618","RNA023319",10502034,57.89,"Run588"
"619","RNA023320",9007140,29.67,"Run588"
"620","RNA023321",14087347,65.52,"Run588"
"621","RNA023322",12907321,52.47,"Run588"
"622","RNA023323",12756513,70.51,"Run588"
"623","RNA023324",12303191,54.84,"Run588"
"624","RNA023325",12255955,53.74,"Run588"
"625","RNA023326",12245841,51.12,"Run588"
"626","RNA023327",12511708,57.15,"Run588"
"627","RNA023328",9460067,56.84,"Run588"
"628","RNA023329",10019455,57.51,"Run588"
"629","RNA023330",11299568,56.59,"Run588"
"630","RNA023331",9077867,48.3,"Run588"
"631","RNA023332",16869602,62.93,"Run588"
"632","RNA023333",11043783,56.93,"Run588"
"633","RNA023334",10441817,47.74,"Run588"
"634","RNA023335",9991982,55.76,"Run588"
"635","RNA023336",10841530,53.67,"Run588"
"636","RNA023337",12741270,57.06,"Run588"
"637","RNA023338",14679959,62.18,"Run588"
"638","RNA023339",10013980,47.39,"Run588"
"639","RNA023340",12017732,53.62,"Run588"
"640","RNA023341",10962297,58.68,"Run588"
"641","RNA023342",14113445,62.98,"Run588"
"642","RNA023343",12305914,63.1,"Run588"
"643","RNA023344",12638790,55.18,"Run588"
"644","RNA023345",10745969,59.34,"Run588"
"645","RNA023346",12348230,55.66,"Run588"
"646","RNA023347",11679655,59.82,"Run588"
"647","RNA023348",4061842,21.55,"Run588"
"648","RNA023349",10277883,54.89,"Run588"
"649","RNA023350",11920540,50.42,"Run588"
"650","RNA023351",11207570,60.13,"Run588"
"651","RNA023352",13109049,56.54,"Run588"
"652","RNA023353",11783860,64.75,"Run588"
"653","RNA023354",11724558,61.65,"Run588"
"654","RNA023355",11475338,53.84,"Run588"
"655","RNA023356",10200443,47.5,"Run588"
"656","RNA023357",10057122,51.29,"Run588"
"657","RNA023358",10395035,45.78,"Run588"
"658","RNA023359",13921915,66.02,"Run588"
"659","RNA023360",12312423,53.07,"Run588"
"660","RNA023361",12181913,65.57,"Run588"
"661","RNA023362",10482210,49.87,"Run588"
"662","RNA023363",10234086,50.2,"Run588"
"663","RNA023364",9368373,45.77,"Run588"
"664","RNA023365",15517227,64.2,"Run588"
"665","RNA023366",14873346,57.45,"Run588"
"666","RNA023367",9680465,53.6,"Run588"
"667","RNA023368",10071295,52.59,"Run588"
"668","RNA023369",11505884,50,"Run588"
"669","RNA023370",12829342,58.08,"Run588"
"670","RNA023371",7911793,36.69,"Run588"
"671","RNA023372",12542633,52.16,"Run588"
"672","RNA023373",9205718,49.02,"Run588"
"673","RNA023374",13372950,64.93,"Run588"
"674","RNA023375",9261899,43.14,"Run588"
"675","RNA023376",9885079,43.25,"Run588"
"676","RNA023377",7188148,40.19,"Run588"
"677","RNA023378",11444099,54.59,"Run588"
"678","RNA023379",11013923,53.13,"Run588"
"679","RNA023380",8723486,44.4,"Run588"
"680","RNA023381",10760141,51.68,"Run588"
"681","RNA023382",9442397,45.28,"Run588"
"682","RNA023383",10288458,49.01,"Run590"
"683","RNA023384",11396865,59.89,"Run590"
"684","RNA023385",10394210,62.97,"Run590"
"685","RNA023386",14532576,69.83,"Run590"
"686","RNA023387",11223234,58,"Run590"
"687","RNA023388",10876286,60.02,"Run590"
"688","RNA023389",15842560,68.82,"Run590"
"689","RNA023390",10727484,58.62,"Run590"
"690","RNA023391",11245474,59.52,"Run590"
"691","RNA023392",13813607,57.48,"Run590"
"692","RNA023393",8055219,43.74,"Run590"
"693","RNA023394",11119713,52.53,"Run590"
"694","RNA023395",10315250,47.3,"Run590"
"695","RNA023396",10284743,52.53,"Run590"
"696","RNA023397",10616466,52.03,"Run590"
"697","RNA023398",10241017,55.53,"Run590"
"698","RNA023399",11209987,60.95,"Run590"
"699","RNA023400",12168724,59.31,"Run590"
"700","RNA023401",11302047,54.81,"Run590"
"701","RNA023402",12111696,59.19,"Run590"
"702","RNA023403",13802636,55.99,"Run590"
"703","RNA023404",10632526,54.51,"Run590"
"704","RNA023405",12215819,58.21,"Run590"
"705","RNA023406",12061879,60.15,"Run590"
"706","RNA023407",11594562,62.29,"Run590"
"707","RNA023408",9682914,47.78,"Run590"
"708","RNA023409",13219048,61.97,"Run590"
"709","RNA023410",13830675,62.39,"Run590"
"710","RNA023411",9465022,49.49,"Run590"
"711","RNA023412",10512521,60.69,"Run590"
"712","RNA023413",11741240,60.88,"Run590"
"713","RNA023414",10522891,57.93,"Run590"
"714","RNA023415",8998979,46.61,"Run590"
"715","RNA023416",12118344,57.02,"Run590"
"716","RNA023417",13073839,65.02,"Run590"
"717","RNA023418",9297295,45.89,"Run590"
"718","RNA023419",13474325,62.33,"Run590"
"719","RNA023420",10851373,61.26,"Run590"
"720","RNA023421",13103364,62.55,"Run590"
"721","RNA023422",8973252,48.14,"Run590"
"722","RNA023423",9904993,54.4,"Run590"
"723","RNA023424",10812674,40.14,"Run590"
"724","RNA023425",9744884,49.53,"Run590"
"725","RNA023426",8302758,49.67,"Run590"
"726","RNA023427",10552673,57.02,"Run590"
"727","RNA023428",10995930,62.54,"Run590"
"728","RNA023429",12171006,58.43,"Run590"
"729","RNA023430",9794646,59.04,"Run590"
"730","RNA023431",10410476,60.34,"Run590"
"731","RNA023432",10200044,54.53,"Run590"
"732","RNA023433",7348887,31.88,"Run590"
"733","RNA023434",7296378,45.58,"Run590"
"734","RNA023435",10962891,57.84,"Run590"
"735","RNA023436",9814541,53.92,"Run590"
"736","RNA023437",8355603,56.56,"Run590"
"737","RNA023438",11622819,56.82,"Run590"
"738","RNA023439",14224958,66.7,"Run590"
"739","RNA023440",10978815,61.46,"Run590"
"740","RNA023441",10588517,67.46,"Run590"
"741","RNA023442",10111724,48.52,"Run590"
"742","RNA023443",6435783,32.84,"Run590"
"743","RNA023444",9584761,49.74,"Run590"
"744","RNA023445",8877696,49.32,"Run590"
"745","RNA023446",6532320,46.59,"Run590"
"746","RNA023447",9336445,53.5,"Run590"
"747","RNA023448",10461970,62.2,"Run590"
"748","RNA023449",10329783,53.69,"Run590"
"749","RNA023450",9702706,53.61,"Run590"
"750","RNA023451",9318950,55.13,"Run590"
"751","RNA023452",9841630,51.76,"Run590"
"752","RNA023453",10992457,55.59,"Run590"
"753","RNA023454",10365673,53.68,"Run590"
"754","RNA023455",10141228,53.57,"Run590"
"755","RNA023456",10517200,50.43,"Run590"
"756","RNA023457",8433190,44,"Run590"
"757","RNA023458",12071360,52.88,"Run590"
"758","RNA023459",14749090,72.78,"Run590"
"759","RNA023460",15924820,77.68,"Run590"
"760","RNA023461",10215196,52.95,"Run590"
"761","RNA023462",12059334,63.82,"Run590"
"762","RNA023463",12705318,57.92,"Run590"
"763","RNA023464",11413486,57.04,"Run590"
"764","RNA023465",7508435,37.44,"Run590"
"765","RNA023466",11218792,48.91,"Run590"
"766","RNA023467",12647436,59.81,"Run590"
"767","RNA023468",10983823,53.64,"Run590"
"768","RNA023469",10102409,54.23,"Run590"
"769","RNA023470",10381892,52.74,"Run590"
"770","RNA023471",11029455,56.37,"Run590"
"771","RNA023472",9998203,59.21,"Run590"
"772","RNA023473",10467194,54.71,"Run590"
"773","RNA023474",7913964,43.98,"Run590"
"774","RNA023475",14184133,58.15,"Run590"
"775","RNA023476",9288899,54.5,"Run590"
"776","RNA023477",11217333,63.85,"Run590"
"777","RNA023478",10529372,50.08,"Run590"
"778","RNA023479",12920155,67.01,"Run590"
"779","RNA023480",9687546,50.58,"Run590"
"780","RNA023481",7643530,40.96,"Run590"
"781","RNA023482",12235703,57.71,"Run590"
"782","RNA023483",10689752,56.69,"Run590"
"783","RNA023484",12236717,60.03,"Run590"
"784","RNA023485",14201048,67.43,"Run590"
"785","RNA023486",14026850,62.56,"Run590"
"786","RNA023487",14123776,71.11,"Run590"
"787","RNA023488",13693904,63.19,"Run590"
"788","RNA023489",13017409,65.39,"Run590"
"789","RNA023490",16761806,76.17,"Run590"
"790","RNA023491",16050013,68.61,"Run590"
"791","RNA023492",12105582,58.24,"Run590"
"792","RNA023493",14511817,63.89,"Run590"
"793","RNA023494",12578462,56.62,"Run590"
"794","RNA023495",11328567,53.14,"Run590"
"795","RNA023496",12563469,63.59,"Run590"
"796","RNA023497",13042486,62.38,"Run590"
"797","RNA023498",10711566,63.39,"Run590"
"798","RNA023499",10033346,52.47,"Run590"
"799","RNA023500",11918788,58.04,"Run590"
"800","RNA023501",9804759,51.04,"Run590"
"801","RNA023502",13498365,61.99,"Run590"
"802","RNA023503",14286926,68.02,"Run590"
"803","RNA023504",12457736,68.31,"Run590"
"804","RNA023505",11231065,63.78,"Run590"
"805","RNA023506",11525207,65.02,"Run590"
"806","RNA023507",11964234,63.65,"Run590"
"807","RNA023508",12008773,60.09,"Run590"
"808","RNA023509",14760036,61.15,"Run590"
"809","RNA023510",12163597,57.58,"Run590"
"810","RNA023511",12369583,62.11,"Run590"
"811","RNA023512",15917680,66.05,"Run590"
"812","RNA023513",15000197,63.88,"Run590"
"813","RNA023514",15032800,73.58,"Run590"
"814","RNA023515",9508877,52.13,"Run590"
"815","RNA023516",13296787,58.52,"Run590"
"816","RNA023517",13781125,61.52,"Run590"
"817","RNA023518",12036064,57.28,"Run590"
"818","RNA023519",13605985,59.36,"Run590"
"819","RNA023520",13173171,69.97,"Run590"
"820","RNA023521",12813346,69.92,"Run590"
"821","RNA023522",11592346,64.94,"Run590"
"822","RNA023524",7376069,32.44,"Run590"
"823","RNA023525",6147105,31.81,"Run590"
"824","RNA023526",12906739,66.03,"Run590"
"825","RNA023527",11524757,65.1,"Run590"
"826","RNA023528",13335926,63.37,"Run590"
"827","RNA023529",11043945,52.05,"Run590"
"828","RNA023530",13195637,62.37,"Run590"
"829","RNA023531",10111502,62.8,"Run590"
"830","RNA023532",10962393,48.18,"Run590"
"831","RNA023533",14572633,69.05,"Run590"
"832","RNA023534",13519145,61.27,"Run590"
"833","RNA023535",8668106,51.4,"Run590"
"834","RNA023536",11045084,53.98,"Run590"
"835","RNA023537",10904761,57.18,"Run590"
"836","RNA023538",12199376,59.15,"Run590"
"837","RNA023539",14447485,70.21,"Run590"
"838","RNA023540",14633278,62.38,"Run590"
"839","RNA023541",12296261,60.96,"Run590"
"840","RNA023542",11098054,55.46,"Run590"
"841","RNA023543",14259075,73.06,"Run590"
"842","RNA023544",11198081,55.84,"Run590"
"843","RNA023545",10709915,64.21,"Run590"
"844","RNA023546",13806870,65.52,"Run590"
"845","RNA023547",13761214,68.51,"Run590"
"846","RNA023549",12154998,57.71,"Run590"
"847","RNA023550",13919432,67.79,"Run590"
"848","RNA023551",12183453,65.28,"Run590"
"849","RNA023552",13568042,68.81,"Run590"
"850","RNA023553",9032900,46.14,"Run590"
"851","RNA023554",12695607,60.07,"Run590"
"852","RNA023555",11534495,60.64,"Run590"
"853","RNA023556",11882846,57.62,"Run590"
"854","RNA023559",11824421,59,"Run590"
"855","RNA023560",10678437,54.78,"Run590"
"856","RNA023561",13437126,63.68,"Run590"
"857","RNA023562",13163946,61.28,"Run590"
"858","RNA023563",15213727,69.67,"Run590"
"859","RNA023564",15688830,66.53,"Run590"
"860","RNA023565",11272955,54.66,"Run590"
"861","RNA023567",13178805,67.7,"Run590"
"862","RNA023568",12418578,62.79,"Run590"
"863","RNA023569",13187946,59.92,"Run590"
"864","RNA023570",15748088,60.31,"Run590"
"865","RNA023571",12445719,55.04,"Run590"
"866","RNA023572",12510510,60.81,"Run590"
"867","RNA023573",12249572,60.46,"Run590"
"868","RNA023576",15228069,61.52,"Run598"
"869","RNA023577",13400973,61.75,"Run598"
"870","RNA023578",13561565,62.75,"Run598"
"871","RNA023579",12760648,55.11,"Run598"
"872","RNA023580",12107316,57.11,"Run598"
"873","RNA023581",18488748,72.77,"Run598"
"874","RNA023582",14098613,67.14,"Run598"
"875","RNA023583",11661580,58.96,"Run598"
"876","RNA023585",12298344,59.06,"Run598"
"877","RNA023586",12680804,60.09,"Run598"
"878","RNA023587",15258967,53.29,"Run598"
"879","RNA023588",12969369,50.27,"Run598"
"880","RNA023590",13354927,63.12,"Run598"
"881","RNA023591",13264752,67.58,"Run598"
"882","RNA023592",13215918,54.52,"Run598"
"883","RNA023593",16459473,65.94,"Run598"
"884","RNA023594",14220767,65.76,"Run598"
"885","RNA023595",20197065,65.75,"Run598"
"886","RNA023596",14447360,64.04,"Run598"
"887","RNA023597",19442160,67.51,"Run598"
"888","RNA023598",16398791,58.36,"Run598"
"889","RNA023599",13533051,53.22,"Run598"
"890","RNA023601",17120542,67.46,"Run598"
"891","RNA023602",16030395,63.21,"Run598"
"892","RNA023603",17793251,68.51,"Run598"
"893","RNA023605",15214620,63.71,"Run598"
"894","RNA023606",14191750,65.64,"Run598"
"895","RNA023607",11487508,53.55,"Run598"
"896","RNA023608",16495936,73.39,"Run598"
"897","RNA023609",15602520,53.89,"Run598"
"898","RNA023610",10209548,50.4,"Run598"
"899","RNA023611",13976565,61.51,"Run598"
"900","RNA023613",15610005,55.23,"Run598"
"901","RNA023614",9500310,35.71,"Run598"
"902","RNA023615",11851891,52.78,"Run598"
"903","RNA023617",17307718,72.11,"Run598"
"904","RNA023618",14581596,53.83,"Run598"
"905","RNA023619",14505070,58.82,"Run598"
"906","RNA023620",15747543,66.66,"Run598"
"907","RNA023621",16129681,60.4,"Run598"
"908","RNA023622",12884926,53.34,"Run598"
"909","RNA023623",12490378,57.71,"Run598"
"910","RNA023624",12379641,55.83,"Run598"
"911","RNA023625",18571983,65.83,"Run598"
"912","RNA023626",13523011,61.76,"Run598"
"913","RNA023629",9857912,56.92,"Run598"
"914","RNA023630",13290733,53.46,"Run598"
"915","RNA023631",12189754,45.96,"Run598"
"916","RNA023632",16143690,61.25,"Run598"
"917","RNA023633",8998330,38.86,"Run598"
"918","RNA023634",8704670,39.85,"Run598"
"919","RNA023635",13483776,58.96,"Run598"
"920","RNA023636",5395198,21.41,"Run598"
"921","RNA023637",11350441,44.49,"Run598"
"922","RNA023638",12251072,48.84,"Run598"
"923","RNA023640",12028770,53.55,"Run598"
"924","RNA023641",10873018,37.37,"Run598"
"925","RNA023642",14555790,58.31,"Run598"
"926","RNA023643",13908403,58.48,"Run598"
"927","RNA023644",14055786,54.5,"Run598"
"928","RNA023645",17333985,60.87,"Run598"
"929","RNA023646",13147628,48.1,"Run598"
"930","RNA023647",9683318,56.57,"Run598"
"931","RNA023654",13145904,50.85,"Run598"
"932","RNA023523",12174698,60.05,"Run590"
"933","RNA023575",15090129,58.21,"Run598"
"934","RNA023639",13572667,58.13,"Run598"
