"RNAID","endogenous","ERCC","Sequin","ERCCvsSequin","EndovsSeq","EndovsERCC"
"RNA022807",760102,39,64970,0.000600277050946591,11.699276589195,19489.7948717949
"RNA022808",1431829,70,155647,0.00044973561970356,9.19920718035041,20454.7
"RNA022809",890937,137,259832,0.000527263770436282,3.4288963638043,6503.1897810219
"RNA022810",811229,181,146883,0.00123227330596461,5.52296045151583,4481.92817679558
"RNA022811",510268,89,147451,0.000603590345267241,3.46059368875084,5733.34831460674
"RNA022812",709853,66,94627,0.000697475350587042,7.50159045515551,10755.3484848485
"RNA022813",724624,36,87381,0.00041198887630034,8.29269520834049,20128.4444444444
"RNA022814",488567,76,190038,0.000399920015996801,2.57089108494091,6428.51315789474
"RNA022815",419705,105,140601,0.000746794119529733,2.9850783422593,3997.19047619048
"RNA022816",1081252,90,220605,0.000407968994356429,4.90130323428753,12013.9111111111
"RNA022817",1044142,98,237973,0.000411811423985074,4.38764901900636,10654.5102040816
"RNA022818",1026394,137,165553,0.000827529552469602,6.19979100348529,7491.92700729927
"RNA022819",602710,70,202870,0.000345048553260709,2.97091733622517,8610.14285714286
"RNA022820",991370,93,265860,0.000349808169713383,3.72891747536297,10659.8924731183
"RNA022821",1205777,74,194976,0.00037953389135073,6.18423293123256,16294.2837837838
"RNA022822",994415,124,230463,0.0005380473221298,4.314857482546,8019.47580645161
"RNA022823",1547539,108,242126,0.000446048751476504,6.39146147047405,14329.0648148148
"RNA022824",1718697,76,247098,0.000307570275761034,6.95552776631134,22614.4342105263
"RNA022825",1125057,129,226151,0.000570415341961787,4.97480444481784,8721.37209302326
"RNA022826",568499,47,136543,0.00034421391063621,4.16351625495265,12095.7234042553
"RNA022827",817920,72,255917,0.000281341216097407,3.19603621486654,11360
"RNA022828",977886,108,190097,0.000568131006801791,5.14414220108681,9054.5
"RNA022829",731338,65,196092,0.000331477061787324,3.72956571405259,11251.3538461538
"RNA022830",813507,82,233454,0.000351246926589392,3.48465650620679,9920.81707317073
"RNA022831",237172,33,44597,0.000739960087001368,5.31811556831177,7187.0303030303
"RNA022832",850349,47,90585,0.000518849699177568,9.3873047414031,18092.5319148936
"RNA022833",847782,110,94977,0.00115817513713847,8.92618212830475,7707.10909090909
"RNA022834",664428,106,116122,0.000912833054890546,5.72180982070581,6268.18867924528
"RNA022835",1168596,101,191778,0.000526650606430352,6.09348308982261,11570.2574257426
"RNA022836",2001653,77,125368,0.000614191819284028,15.9662194499394,25995.4935064935
"RNA022837",759146,85,141338,0.000601395236949723,5.37113868881688,8931.12941176471
"RNA022838",800828,59,104019,0.000567204068487488,7.69886270777454,13573.3559322034
"RNA022839",628476,103,175860,0.000585693165017628,3.57372910269533,6101.70873786408
"RNA022840",1192715,95,142162,0.000668251712834653,8.38982991235351,12554.8947368421
"RNA022841",2334159,97,73903,0.0013125312910166,31.5840899557528,24063.4948453608
"RNA022842",284413,56,48736,0.00114904793171372,5.83578873933027,5078.80357142857
"RNA022843",1052745,109,142791,0.000763353432639312,7.372628527008,9658.21100917431
"RNA022844",1133627,110,176765,0.000622295137612084,6.41318699968885,10305.7
"RNA022845",652951,108,338744,0.000318824835273835,1.92756476867487,6045.84259259259
"RNA022846",1352279,82,151735,0.000540415856592085,8.91210992849376,16491.2073170732
"RNA022847",302195,21,52043,0.000403512480064562,5.80664066252906,14390.2380952381
"RNA022848",385864,97,122043,0.000794801832141131,3.16170530059078,3977.9793814433
"RNA022849",1546806,103,255495,0.000403139004677195,6.054153701638,15017.5339805825
"RNA022850",1379066,119,198873,0.0005983718252352,6.93440537428409,11588.7899159664
"RNA022851",1082531,97,216101,0.000448864188504449,5.00937524583412,11160.1134020619
"RNA022852",1591045,65,160108,0.0004059759662228,9.9373235565993,24477.6153846154
"RNA022853",1175514,106,208488,0.000508422547101032,5.63828133993323,11089.7547169811
"RNA022854",914090,82,168502,0.000486641108117411,5.42480207950054,11147.4390243902
"RNA022855",1667947,109,135327,0.000805456412984844,12.325308327237,15302.2660550459
"RNA022856",1258327,59,139039,0.00042434137184531,9.05017297305073,21327.5762711864
"RNA022857",1931528,102,153575,0.000664170600683705,12.5770991372294,18936.5490196078
"RNA022858",1317579,82,297786,0.000275365530951757,4.42458342568153,16068.0365853659
"RNA022859",646626,65,102319,0.000635268132018491,6.31970601745521,9948.09230769231
"RNA022860",1222196,126,232849,0.000541123217192258,5.24887802825007,9699.96825396825
"RNA022861",1174985,124,219009,0.000566186777712331,5.36500783072842,9475.68548387097
"RNA022862",1267301,101,162446,0.000621745072208611,7.80136783915886,12547.5346534653
"RNA022863",1706387,85,178205,0.000476978760416374,9.57541595353666,20075.1411764706
"RNA022864",912351,131,77608,0.00168797031233893,11.7558885681888,6964.51145038168
"RNA022865",789935,78,161127,0.000484090189726117,4.90256133360641,10127.3717948718
"RNA022866",476096,169,371246,0.00045522375998664,1.28242728541183,2817.13609467456
"RNA022867",1647717,197,180596,0.00109083257657977,9.123773505504,8364.04568527919
"RNA022868",1602770,67,198196,0.000338049203818442,8.08679287170276,23921.9402985075
"RNA022869",1097732,110,244102,0.000450631293475678,4.49702173681494,9979.38181818182
"RNA022870",1040049,209,129866,0.00160935117736744,8.00863197449679,4976.31100478469
"RNA022871",1367327,73,138568,0.000526817158362681,9.8675523930489,18730.5068493151
"RNA022872",2829138,88,162288,0.000542245883860791,17.4328231292517,32149.2954545455
"RNA022873",1606171,84,220041,0.000381747038051999,7.29941692684545,19121.0833333333
"RNA022874",917068,107,230052,0.000465112235494584,3.98635091196773,8570.72897196262
"RNA022875",1245326,85,122510,0.000693820912578565,10.1650967267978,14650.8941176471
"RNA022876",682588,47,89275,0.00052646317558107,7.645903108373,14523.1489361702
"RNA022877",2044266,89,179432,0.000496009630389228,11.392984528958,22969.2808988764
"RNA022878",2812222,63,130241,0.000483718644666426,21.5924478466842,44638.4444444444
"RNA022879",625694,135,151708,0.000889867376802805,4.12433095156485,4634.77037037037
"RNA022880",1034110,145,108019,0.00134235643729344,9.57340838185875,7131.79310344828
"RNA022881",1101583,101,105869,0.000954009200049117,10.4051516496803,10906.7623762376
"RNA022882",1417737,99,84539,0.00117105714522291,16.7702125646151,14320.5757575758
"RNA022883",1101362,154,256880,0.000599501712862037,4.28745717844908,7151.7012987013
"RNA022884",1192954,137,158282,0.000865543776298,7.53688985481609,8707.69343065693
"RNA022885",1062379,113,109283,0.0010340126094635,9.72135647813475,9401.58407079646
"RNA022886",1447096,109,75788,0.00143822240988019,19.0939990499815,13276.1100917431
"RNA022887",1706883,74,168419,0.000439380354948076,10.13474132966,23065.9864864865
"RNA022888",1516583,112,174148,0.000643131129843581,8.70858694903186,13540.9196428571
"RNA022889",1495091,77,103256,0.000745719377082204,14.4794588207949,19416.7662337662
"RNA022890",452042,84,235198,0.000357145894097739,1.92196362213964,5381.45238095238
"RNA022891",2588314,89,91540,0.000972252567183745,28.275223945816,29082.1797752809
"RNA022892",1203272,129,162118,0.000795716700181349,7.42219864543111,9327.68992248062
"RNA022893",1713589,95,142775,0.000665382594992121,12.0020241638942,18037.7789473684
"RNA022894",1632793,151,124090,0.0012168587315658,13.1581352244339,10813.1986754967
"RNA022895",849791,151,78030,0.00193515314622581,10.8905677303601,5627.75496688742
"RNA022896",795312,49,38889,0.00125999640001029,20.4508215690812,16230.8571428571
"RNA022897",470412,28,34275,0.000816921954777535,13.7246389496718,16800.4285714286
"RNA022898",399051,65,103506,0.000627982918864607,3.85534171932062,6139.24615384615
"RNA022899",3369148,58,57798,0.00100349493062044,58.2917748018963,58088.7586206897
"RNA022900",3103288,59,106579,0.000553579973540754,29.1172557445651,52598.1016949153
"RNA022901",2201221,72,201237,0.000357787086867723,10.9384506825286,30572.5138888889
"RNA022902",668133,134,353676,0.000378877842997546,1.88911037220507,4986.0671641791
"RNA022903",355546,62,93107,0.000665900523054121,3.81868173177097,5734.61290322581
"RNA022904",1792664,81,139233,0.000581758634806404,12.875281003785,22131.6543209877
"RNA022905",1162538,45,99094,0.000454114275334531,11.731668920419,25834.1777777778
"RNA022906",1840401,136,191046,0.000711870439579996,9.63328727112842,13532.3602941176
"RNA022907",1050967,141,106776,0.00132052146549786,9.84272682999925,7453.66666666667
"RNA022908",1592354,120,107904,0.00111209964412811,14.7571359727165,13269.6166666667
"RNA022909",1290242,135,196534,0.000686904047136882,6.56498112285915,9557.34814814815
"RNA022910",509902,143,234766,0.000609117163473416,2.17195846076519,3565.74825174825
"RNA022911",1432885,121,92466,0.00130858910302165,15.4963446023403,11842.0247933884
"RNA022912",1247476,82,128679,0.000637244616448682,9.69448006279191,15213.1219512195
"RNA022913",2525333,141,142877,0.000986862826067177,17.6748741924872,17910.1631205674
"RNA022914",2431939,106,135046,0.000784917731735853,18.0082268264147,22942.820754717
"RNA022915",2213581,104,253760,0.00040983606557377,8.72312815258512,21284.4326923077
"RNA022916",3450557,83,417923,0.000198601177728912,8.2564419761535,41572.9759036145
"RNA022917",3167579,121,212390,0.000569706671688874,14.913974292575,26178.3388429752
"RNA022918",2277403,106,271890,0.000389863547758285,8.37619257788076,21484.9339622641
"RNA022919",3390776,52,206428,0.00025190381149844,16.4259499680276,65207.2307692308
"RNA022920",2424180,342,241390,0.00141679439910518,10.0425866854468,7088.24561403509
"RNA022921",435453,75,139630,0.000537133853756356,3.11862064026355,5806.04
"RNA022922",1392019,94,133246,0.000705462077660868,10.4469852753554,14808.7127659574
"RNA022923",1068600,87,102625,0.000847746650426309,10.4126674786845,12282.7586206897
"RNA022924",1526028,131,207511,0.000631291835131632,7.35396195864316,11649.0687022901
"RNA022925",1091686,84,81328,0.00103285461341727,13.4232490655125,12996.2619047619
"RNA022926",2955864,91,193366,0.000470610138286979,15.2863688549176,32482.021978022
"RNA022927",2856718,126,72430,0.00173961065856689,39.4410879469833,22672.3650793651
"RNA022928",1253212,71,76336,0.000930098511842381,16.4170509327185,17650.8732394366
"RNA022929",1103566,138,157131,0.000878248085991943,7.02322266134627,7996.85507246377
"RNA022930",1501154,132,89405,0.00147642749286953,16.7904927017505,11372.3787878788
"RNA022931",709633,87,81589,0.00106632021473483,8.697655321183,8156.70114942529
"RNA022932",1135690,461,231355,0.00199260876142724,4.9088630027447,2463.53579175705
"RNA022933",2247183,145,164630,0.000880762922918059,13.6498997752536,15497.8137931034
"RNA022934",2742190,82,120569,0.000680108485597459,22.7437400990304,33441.3414634146
"RNA022935",3073938,108,150533,0.000717450658659563,20.420359655358,28462.3888888889
"RNA022936",1703033,56,68981,0.000811817746915817,24.6884359461301,30411.3035714286
"RNA022937",1177588,81,69038,0.00117326689649179,17.0570989889626,14538.1234567901
"RNA022938",1658064,100,50345,0.00198629456748436,32.9340351574138,16580.64
"RNA022939",2044354,137,125360,0.00109285258455648,16.3078653477983,14922.2919708029
"RNA022940",1139913,92,159846,0.000575553970696796,7.13132014564018,12390.3586956522
"RNA022941",656316,80,99119,0.000807110644780516,6.62149537424712,8203.95
"RNA022942",985047,71,131252,0.000540944137994088,7.50500563800933,13873.9014084507
"RNA022943",1238019,60,111154,0.000539791640426795,11.1378717814923,20633.65
"RNA022944",2239244,162,147591,0.0010976279041405,15.1719549295011,13822.4938271605
"RNA022945",1317213,99,113700,0.000870712401055409,11.5849868073879,13305.1818181818
"RNA022946",2690514,84,44625,0.00188235294117647,60.2916302521008,32029.9285714286
"RNA022947",1549774,130,325290,0.000399643395124351,4.76428417719573,11921.3384615385
"RNA022948",1890418,172,240486,0.000715218349508911,7.86082349908103,10990.8023255814
"RNA022949",2038763,155,184747,0.000838985206796321,11.0354322397657,13153.3096774194
"RNA022950",3662526,101,101452,0.000995544691085439,36.1010724283405,36262.6336633663
"RNA022951",1365810,107,42091,0.00254211114014873,32.4489795918367,12764.5794392523
"RNA022952",1647267,99,42078,0.00235277342078996,39.1479395408527,16639.0606060606
"RNA022953",1118699,95,70661,0.0013444474321054,15.8319157668304,11775.7789473684
"RNA022954",671931,72,96112,0.000749126019643749,6.99112493757283,9332.375
"RNA022955",1053487,141,56704,0.00248659706546275,18.578706969526,7471.5390070922
"RNA022956",1033385,113,83640,0.00135102821616451,12.3551530368245,9145
"RNA022957",1724615,114,89834,0.0012690072800944,19.1977981610526,15128.201754386
"RNA022958",1217993,62,80367,0.000771460923015666,15.1553871613971,19645.0483870968
"RNA022959",558874,93,80660,0.00115298785023556,6.92876270766179,6009.39784946237
"RNA022960",1057247,121,76433,0.00158308583988591,13.8323368178666,8737.57851239669
"RNA022961",838449,103,89363,0.00115260230744268,9.38250730167967,8140.28155339806
"RNA022962",546266,20,36792,0.000543596434007393,14.8474124809741,27313.3
"RNA022963",1579805,122,79993,0.0015251334491768,19.7492905629243,12949.2213114754
"RNA022964",386509,7,9768,0.000716625716625717,39.5688984438984,55215.5714285714
"RNA022965",1104784,65,78540,0.000827603768780239,14.0665138782786,16996.6769230769
"RNA022966",2861591,104,102283,0.00101678675830783,27.9771907355083,27515.2980769231
"RNA022968",860111,142,62127,0.0022856407037198,13.8443993754728,6057.11971830986
"RNA022969",495338,89,111449,0.000798571543934894,4.44452619583846,5565.59550561798
"RNA022970",928439,70,186724,0.000374884856793985,4.97225316509929,13263.4142857143
"RNA022971",548280,89,55288,0.00160975256836927,9.91679930545507,6160.44943820225
"RNA022972",1199702,146,93660,0.00155882980995089,12.8091180866966,8217.13698630137
"RNA022973",711047,79,72034,0.00109670433406447,9.87099147624733,9000.59493670886
"RNA022974",1524406,135,193013,0.000699434753099532,7.89794469802552,11291.8962962963
"RNA022975",827971,117,98924,0.00118272613319316,8.36976871133395,7076.67521367521
"RNA022976",1028063,156,173962,0.000896747565560295,5.90969866982444,6590.14743589744
"RNA022977",1618500,175,166193,0.00105299260498336,9.73867732094613,9248.57142857143
"RNA022978",947588,104,205356,0.000506437601044041,4.61436724517423,9111.42307692308
"RNA022979",808906,78,127474,0.000611889483345623,6.34565480019455,10370.5897435897
"RNA022980",1670570,137,131007,0.00104574564717916,12.7517613562634,12193.9416058394
"RNA022981",790581,72,117755,0.000611439004713176,6.71377860812704,10980.2916666667
"RNA022982",1135596,115,194596,0.000590967954120331,5.8356595202368,9874.74782608696
"RNA022983",1778081,103,166422,0.000618908557762796,10.6841703620915,17262.9223300971
"RNA022984",647795,177,156358,0.00113201754946981,4.1430243415751,3659.85875706215
"RNA022985",556246,111,149735,0.00074130964704311,3.71486960296524,5011.22522522523
"RNA022986",741949,127,74985,0.00169367206774688,9.89463225978529,5842.11811023622
"RNA022987",873692,88,67111,0.0013112604491067,13.0186109579652,9928.31818181818
"RNA022988",1848554,121,154253,0.000784425586536404,11.9839095511919,15277.305785124
"RNA022989",1923876,89,42470,0.00209559689192371,45.2996468095126,21616.5842696629
"RNA022990",1646284,165,303782,0.00054315265552271,5.41929409905788,9977.47878787879
"RNA022991",1549185,85,163863,0.000518726008922087,9.45414767214075,18225.7058823529
"RNA022992",1181707,175,96621,0.00181120046366732,12.2303329503938,6752.61142857143
"RNA022993",2145781,141,147448,0.000956269328848136,14.552798274646,15218.304964539
"RNA022994",1128584,109,128265,0.000849803141932717,8.79884613885316,10353.9816513761
"RNA022995",442082,52,60713,0.000856488725643602,7.28150478480721,8501.57692307692
"RNA022996",1416332,192,117909,0.0016283744243442,12.0120771103139,7376.72916666667
"RNA022997",2082191,101,129786,0.000778204120629344,16.0432635261122,20615.7524752475
"RNA022998",1582024,115,165827,0.000693493821874604,9.54020756571608,13756.7304347826
"RNA022999",881513,136,217080,0.000626497143910079,4.06077482955592,6481.71323529412
"RNA023000",688814,78,80242,0.000972059519952145,8.58420777149124,8830.94871794872
"RNA023001",1433905,149,223140,0.000667742224612351,6.426032983777,9623.52348993289
"RNA023002",375641,58,65753,0.00088208903015832,5.71291043754658,6476.56896551724
"RNA023003",378659,82,63216,0.00129713996456593,5.98992343710453,4617.79268292683
"RNA023004",649759,175,45565,0.00384066717875562,14.2600460880061,3712.90857142857
"RNA023005",474151,118,99370,0.00118748113112609,4.77157089664889,4018.22881355932
"RNA023006",820439,180,116938,0.00153927722382801,7.01601703466794,4557.99444444444
"RNA023007",1484815,207,246485,0.000839807696208694,6.02395683307301,7173.0193236715
"RNA023008",999546,202,262464,0.000769629358693002,3.80831656912948,4948.24752475248
"RNA023009",1169572,135,209740,0.00064365404786879,5.57629445980738,8663.4962962963
"RNA023010",2346435,135,226734,0.000595411363095081,10.3488449019556,17381
"RNA023011",1827089,278,187153,0.00148541567594428,9.7625418775013,6572.26258992806
"RNA023012",338872,211,150312,0.00140374687317047,2.25445739528447,1606.02843601896
"RNA023013",1284397,116,174494,0.000664779304732541,7.36069435052208,11072.3879310345
"RNA023014",540597,178,160272,0.00111061195966856,3.37299715483678,3037.06179775281
"RNA023015",1550510,102,161650,0.000630992885864522,9.59177234766471,15201.0784313725
"RNA023016",2329997,124,175635,0.000706009622227916,13.266131465824,18790.2983870968
"RNA023017",1956762,168,189307,0.000887447373842489,10.3364482031832,11647.3928571429
"RNA023018",1977039,156,264243,0.000590365686129812,7.48189734448973,12673.3269230769
"RNA023019",1854820,242,318785,0.000759132330567624,5.81840425365058,7664.54545454545
"RNA023020",956052,132,147287,0.000896209441430676,6.49108203711122,7242.81818181818
"RNA023021",1225558,160,195982,0.000816401506260779,6.25342123256217,7659.7375
"RNA023022",1826234,126,178143,0.000707296946834846,10.2515058127459,14493.9206349206
"RNA023023",832093,91,81554,0.00111582509748142,10.2029698114133,9143.87912087912
"RNA023024",840554,104,117452,0.000885468106119947,7.15657460068794,8082.25
"RNA023025",1690889,116,116726,0.000993780306015798,14.4859671367133,14576.6293103448
"RNA023026",726285,290,123556,0.00234711385930266,5.87818479070219,2504.43103448276
"RNA023027",1187430,81,80038,0.00101201929083685,14.8358279817087,14659.6296296296
"RNA023028",1938162,166,235677,0.000704353840213513,8.22380631118013,11675.6746987952
"RNA023029",1923561,165,111228,0.00148343942172834,17.2938558636315,11657.9454545455
"RNA023030",804281,134,92845,0.00144326565781679,8.66262049652647,6002.09701492537
"RNA023031",771162,118,188800,0.000625,4.08454449152542,6535.27118644068
"RNA023032",139031,169,61019,0.00276962913190973,2.27848702863043,822.668639053254
"RNA023033",939943,191,259437,0.000736209561473498,3.62301059602138,4921.16753926702
"RNA023034",275251,18,24891,0.000723152946848258,11.058253987385,15291.7222222222
"RNA023035",3258644,164,253697,0.000646440438791156,12.8446296172205,19869.7804878049
"RNA023036",2653299,161,210755,0.000763920191691775,12.5894949111528,16480.1180124224
"RNA023037",2864860,201,233297,0.000861562729053524,12.279883581872,14253.0348258706
"RNA023039",855267,118,260113,0.000453648991015443,3.28805942032886,7248.02542372881
"RNA023040",997018,268,299116,0.000895973468487142,3.33321520747804,3720.21641791045
"RNA023041",994316,116,286117,0.000405428548460944,3.47520769475424,8571.68965517241
"RNA023042",1962206,150,171682,0.000873708367796275,11.4293053436004,13081.3733333333
"RNA023044",1108622,164,153138,0.00107092948843527,7.23936580078099,6759.89024390244
"RNA023045",1009722,142,212355,0.000668691577782487,4.75487744578654,7110.71830985915
"RNA023046",545122,58,47895,0.0012109823572398,11.3816055955737,9398.65517241379
"RNA023047",1083266,197,139300,0.00141421392677674,7.7764967695621,5498.81218274112
"RNA023048",873256,117,70084,0.00166942526111523,12.4601335540209,7463.7264957265
"RNA023049",712026,208,180640,0.00115146147032772,3.94168511957484,3423.20192307692
"RNA023050",1508185,136,251311,0.000541162145707908,6.00126934356236,11089.5955882353
"RNA023051",493371,135,149271,0.000904395361456679,3.30520328797958,3654.6
"RNA023052",784818,119,106926,0.00111291921515815,7.33982380337804,6595.10924369748
"RNA023053",856688,108,277775,0.00038880388803888,3.08410764107641,7932.2962962963
"RNA023054",1301987,139,227583,0.000610766182008322,5.72093258283791,9366.81294964029
"RNA023055",1440189,104,108339,0.000959949787241898,13.2933569628666,13847.9711538462
"RNA023056",1279909,142,105934,0.00134045726584477,12.0821360469726,9013.44366197183
"RNA023057",2351255,245,227928,0.00107490084588116,10.3157795444175,9596.95918367347
"RNA023058",1049889,128,98867,0.00129466859518343,10.6192055994417,8202.2578125
"RNA023059",940426,199,131047,0.00151853915007593,7.17624974245881,4725.75879396985
"RNA023060",389410,121,99954,0.00121055685615383,3.89589211037077,3218.26446280992
"RNA023061",982958,91,154701,0.000588231491716279,6.3539214355434,10801.7362637363
"RNA023062",571202,107,93716,0.00114174740705963,6.09503179819881,5338.33644859813
"RNA023063",3799029,75,236315,0.000317372997905338,16.0761229714576,50653.72
"RNA023064",3210276,137,213695,0.000641100634081284,15.0227005779265,23432.6715328467
"RNA023065",3965792,177,169365,0.00104508015233372,23.4156525846544,22405.604519774
"RNA023066",1793401,217,132596,0.00163655012217563,13.5253024223958,8264.52073732719
"RNA023067",2082020,167,144522,0.00115553341359793,14.4062495675399,12467.1856287425
"RNA023068",1721304,204,128870,0.00158299061069295,13.3569023046481,8437.76470588235
"RNA023069",1846635,211,224094,0.000941569162940552,8.24044820477121,8751.82464454976
"RNA023070",1063336,252,177578,0.00141909470767775,5.98799400826679,4219.5873015873
"RNA023071",2114163,234,104417,0.00224101439420784,20.2473064730839,9034.88461538462
"RNA023072",1908853,125,177451,0.000704419811666319,10.7570709660695,15270.824
"RNA023073",2310460,94,118925,0.000790414126550347,19.4278747109523,24579.3617021277
"RNA023074",1120979,114,204846,0.000556515626372983,5.47230114329789,9833.14912280702
"RNA023075",1206782,171,179458,0.000952869195020562,6.72459294096669,7057.20467836257
"RNA023076",2592686,120,173485,0.000691702452661613,14.9447272098452,21605.7166666667
"RNA023077",1614853,159,135932,0.00116970249830798,11.8798590471706,10156.3081761006
"RNA023078",684539,79,65378,0.00120835755146991,10.4704793661476,8665.05063291139
"RNA023079",172258,49,174050,0.000281528296466533,0.989704108014938,3515.4693877551
"RNA023080",1601934,214,326775,0.000654884859612883,4.90225384438834,7485.67289719626
"RNA023081",1081991,155,208486,0.000743455196032348,5.18975374845313,6980.58709677419
"RNA023082",1984240,198,222742,0.00088892081421555,8.90824361817708,10021.4141414141
"RNA023083",1577086,71,81801,0.000867960049388149,19.2795442598501,22212.4788732394
"RNA023084",2674792,165,146840,0.00112367202397167,18.2156905475347,16210.8606060606
"RNA023085",1954475,88,68925,0.00127675009067827,28.3565469713457,22209.9431818182
"RNA023086",1788237,110,93089,0.00118166485836135,19.209971102923,16256.7
"RNA023087",2057905,83,58295,0.00142379277811133,35.3015696028819,24794.0361445783
"RNA023088",821808,74,93826,0.000788693965425362,8.75885149105792,11105.5135135135
"RNA023089",1410706,159,191014,0.000832399719392296,7.38535395311338,8872.36477987421
"RNA023091",437774,127,88918,0.0014282822375672,4.92334510447828,3447.03937007874
"RNA023092",2138567,158,176638,0.000894484765452507,12.1070607683511,13535.2341772152
"RNA023093",1817295,107,190906,0.000560485264999529,9.51931840801232,16984.0654205607
"RNA023094",1344970,124,131149,0.000945489481429519,10.255282159986,10846.5322580645
"RNA023095",1236435,200,187595,0.00106612649590874,6.59098056984461,6182.175
"RNA023096",1658341,119,207325,0.000573978053780297,7.99875075364765,13935.6386554622
"RNA023097",1566531,153,154893,0.0009877786601073,10.1136332823304,10238.7647058824
"RNA023098",1279381,192,166282,0.00115466496674324,7.69404385321322,6663.44270833333
"RNA023099",979135,178,60570,0.00293874855539046,16.1653458807991,5500.75842696629
"RNA023100",1967584,74,174933,0.000423019098740661,11.2476433834668,26588.972972973
"RNA023101",741456,211,242966,0.000868434266522888,3.05168624416585,3514.00947867299
"RNA023102",655760,156,222816,0.000700129254631624,2.94305615395663,4203.58974358974
"RNA023103",441093,205,153393,0.00133643647363309,2.8755745047036,2151.67317073171
"RNA023104",1290300,139,145216,0.000957194799471133,8.88538453063023,9282.73381294964
"RNA023105",1279415,99,151721,0.000652513495165468,8.43268235774876,12923.3838383838
"RNA023106",2233726,131,152959,0.000856438653495381,14.6034296772338,17051.3435114504
"RNA023107",1691198,226,165604,0.00136470133571653,10.2123016352262,7483.17699115044
"RNA023108",815357,190,98670,0.0019256106212628,8.26347420695247,4291.35263157895
"RNA023109",1549838,175,145324,0.00120420577468278,10.6647078252732,8856.21714285714
"RNA023110",1280518,139,190565,0.000729409912628237,6.71958649279773,9212.35971223022
"RNA023111",1315859,134,253778,0.000528020553397064,5.18507908486945,9819.84328358209
"RNA023112",1005761,111,213058,0.00052098489613157,4.72059720827193,9060.90990990991
"RNA023113",2629750,142,234681,0.000605076678555145,11.205636587538,18519.3661971831
"RNA023114",1752189,139,122344,0.00113614071797554,14.3218220754594,12605.6762589928
"RNA023115",869440,88,137344,0.000640726933830382,6.33038210624418,9880
"RNA023116",6274091,66,91537,0.000721019915444028,68.541584277396,95061.9848484848
"RNA023117",889922,101,99532,0.00101474902543905,8.9410641803641,8811.10891089109
"RNA023118",2942461,119,187739,0.000633858708100075,15.6731472949147,24726.5630252101
"RNA023119",793780,94,101231,0.000928569311772086,7.84127391806858,8444.46808510638
"RNA023120",1717285,175,156887,0.00111545252315361,10.9459993498505,9813.05714285714
"RNA023121",1331410,105,232727,0.000451172403717661,5.72090904794029,12680.0952380952
"RNA023122",5349051,22,36251,0.000606879810212132,147.555957077046,243138.681818182
"RNA023123",965200,190,177178,0.0010723679012067,5.44762893813002,5080
"RNA023124",1542652,211,159213,0.00132526866524718,9.68923391934076,7311.14691943128
"RNA023125",1191115,160,441284,0.000362578294250415,2.69920278097552,7444.46875
"RNA023126",759339,107,134735,0.0007941514825398,5.63579619252607,7096.6261682243
"RNA023127",1158193,209,285879,0.000731078533225595,4.05133990254618,5541.59330143541
"RNA023128",1512853,138,182363,0.000756732451209949,8.29583303630671,10962.7028985507
"RNA023129",1070148,174,129189,0.00134686389708102,8.28358451570954,6150.27586206897
"RNA023130",1019767,139,303810,0.00045752279385142,3.35659458214015,7336.45323741007
"RNA023131",1612346,157,147995,0.00106084665022467,10.8945977904659,10269.7197452229
"RNA023132",1770802,166,236323,0.000702428455969161,7.49314285956086,10667.4819277108
"RNA023133",1400435,156,233041,0.000669410103801477,6.00939319690527,8977.14743589744
"RNA023134",769761,98,198880,0.000492759452936444,3.87047968624296,7854.70408163265
"RNA023135",2547217,74,203548,0.000363550612140625,12.5140851297974,34421.8513513514
"RNA023136",1659216,136,240801,0.000564781707717161,6.89040327905615,12200.1176470588
"RNA023137",1271186,144,223061,0.000645563321243965,5.69882677832521,8827.68055555555
"RNA023138",1019088,223,363578,0.000613348442425009,2.80294187217048,4569.90134529148
"RNA023139",987873,148,1,148,987873,6674.81756756757
"RNA023140",1121273,137,196099,0.000698626714057695,5.71789249307748,8184.47445255474
"RNA023141",711975,276,121214,0.00227696470704704,5.87370270760803,2579.61956521739
"RNA023142",1251673,174,245662,0.000708290252460698,5.09510221361057,7193.52298850575
"RNA023143",629972,124,72156,0.00171849880813792,8.73069460613116,5080.41935483871
"RNA023145",1609106,121,165239,0.000732272647498472,9.73805215475765,13298.3966942149
"RNA023146",971470,54,83664,0.000645438898450947,11.6115653088545,17990.1851851852
"RNA023147",993982,30,138259,0.000216984066136743,7.18927520089108,33132.7333333333
"RNA023148",2446592,140,157962,0.000886289107506869,15.4884845722389,17475.6571428571
"RNA023149",1479755,181,100683,0.00179772156173336,14.6971683402362,8175.44198895028
"RNA023150",1897723,181,165031,0.00109676363834673,11.4991910610734,10484.6574585635
"RNA023151",1252117,131,145317,0.000901477459622756,8.61645230771348,9558.14503816794
"RNA023152",389714,101,76088,0.00132741036694354,5.1218851855746,3858.55445544554
"RNA023153",1164979,193,148420,0.00130036383236761,7.84920495890042,6036.16062176166
"RNA023154",1476253,194,123863,0.00156624657888151,11.9184340763586,7609.55154639175
"RNA023155",1747577,155,287368,0.000539378079674842,6.08132081512207,11274.6903225806
"RNA023156",824690,68,70085,0.000970250410216166,11.7669972176643,12127.7941176471
"RNA023157",1081993,204,196245,0.00103951693036765,5.5134805982318,5303.88725490196
"RNA023158",481815,57,66935,0.000851572421005453,7.19825203555688,8452.8947368421
"RNA023159",1016388,134,130735,0.00102497418441886,7.77441389069492,7584.98507462687
"RNA023160",1109253,169,130864,0.00129141704364837,8.47638005868688,6563.62721893491
"RNA023161",1626943,150,218478,0.000686567983961772,7.44671317020478,10846.2866666667
"RNA023162",1299133,152,179061,0.000848872730522001,7.25525379619236,8546.92763157895
"RNA023163",789555,181,78947,0.00229267736582771,10.0010766716911,4362.18232044199
"RNA023164",2194795,161,236201,0.00068162285511069,9.2920648092091,13632.2670807453
"RNA023165",355388,48,39914,0.00120258555895175,8.90384326301548,7403.91666666667
"RNA023166",1560001,201,129523,0.00155184793434371,12.0442006439011,7761.19900497512
"RNA023167",1038814,116,104662,0.00110832967074965,9.92541705681145,8955.29310344828
"RNA023168",1042558,131,186075,0.000704017197366653,5.60289130726857,7958.45801526718
"RNA023169",554502,56,60416,0.000926906779661017,9.17806541313559,9901.82142857143
"RNA023170",773813,96,90808,0.00105717557924412,8.52141881772531,8060.55208333333
"RNA023171",790812,249,87195,0.00285566832960606,9.06946499225873,3175.95180722892
"RNA023172",1303661,115,68549,0.00167763205881924,19.0179433689769,11336.1826086957
"RNA023173",1145435,101,234974,0.000429834790232111,4.87473082128235,11340.9405940594
"RNA023174",705596,66,118949,0.000554859645730523,5.93192040286173,10690.8484848485
"RNA023175",2126096,67,239585,0.000279650228520149,8.87407809336979,31732.776119403
"RNA023176",1233363,158,114962,0.00137436718219934,10.7284407021451,7806.09493670886
"RNA023177",1295166,138,100885,0.00136789413688854,12.8380433166477,9385.26086956522
"RNA023178",955851,91,197855,0.000459932779055369,4.83106820651487,10503.8571428571
"RNA023179",763492,118,224914,0.000524644975412824,3.39459526752448,6470.27118644068
"RNA023180",613598,169,175315,0.00096397912329236,3.49997433191684,3630.7573964497
"RNA023181",1603537,135,134421,0.00100430736268887,11.9292149292149,11878.0518518519
"RNA023182",1991257,72,62346,0.0011548455394091,31.9388092259327,27656.3472222222
"RNA023183",1851223,106,63530,0.00166850306941602,29.1393514874862,17464.3679245283
"RNA023184",105277,13,30213,0.000430278356998643,3.48449342998047,8098.23076923077
"RNA023185",1219304,110,138783,0.000792604281504219,8.78568700777473,11084.5818181818
"RNA023186",574659,125,94134,0.00132789427836913,6.10469118490662,4597.272
"RNA023187",877523,217,106945,0.00202908036841367,8.20536724484548,4043.88479262673
"RNA023188",410118,160,182667,0.000875910810381733,2.24516743582585,2563.2375
"RNA023190",800331,119,223893,0.000531503888017937,3.57461376639734,6725.47058823529
"RNA023191",1223488,129,118341,0.0010900702208026,10.3386653822428,9484.40310077519
"RNA023192",455962,36,82520,0.000436257876878333,5.52547261269995,12665.6111111111
"RNA023193",812108,153,234572,0.000652251760653445,3.46208413621404,5307.8954248366
"RNA023194",427587,27,40714,0.000663162548509112,10.5022105418284,15836.5555555556
"RNA023195",1314258,110,98309,0.00111892095332065,13.3686437660845,11947.8
"RNA023196",797961,104,37452,0.00277688774965289,21.3062319769305,7672.70192307692
"RNA023198",1019139,143,130002,0.00109998307718343,7.83941016292057,7126.84615384615
"RNA023199",993317,134,141671,0.000945853420954183,7.01143494434288,7412.81343283582
"RNA023200",1037456,162,71117,0.00227793635839532,14.588016929848,6404.04938271605
"RNA023201",1439002,143,52204,0.00273925369703471,27.5649758639185,10062.951048951
"RNA023202",638916,128,30067,0.00425715901154089,21.2497422423255,4991.53125
"RNA023203",1629205,178,150398,0.00118352637668054,10.8326241040439,9152.83707865169
"RNA023204",1807283,121,178418,0.000678182694571176,10.1294880561378,14936.2231404959
"RNA023205",1480957,70,129837,0.00053913753398492,11.4062786416815,21156.5285714286
"RNA023206",1026913,118,181384,0.000650553521810082,5.66154126053015,8702.65254237288
"RNA023207",715454,82,237699,0.00034497410590705,3.00991590204418,8725.0487804878
"RNA023208",926162,137,115632,0.00118479313684793,8.00956482634565,6760.30656934307
"RNA023209",874718,78,103214,0.00075571143449532,8.47479993024202,11214.3333333333
"RNA023210",2142255,157,101368,0.00154881224844132,21.1334444795202,13644.9363057325
"RNA023211",1063470,171,96715,0.00176808147650313,10.9959158351859,6219.12280701754
"RNA023212",2029420,212,78471,0.0027016349989168,25.8620382051968,9572.7358490566
"RNA023213",2397481,143,58117,0.00246055371061824,41.252662732075,16765.6013986014
"RNA023214",1663415,96,65893,0.00145690741049884,25.2441837524471,17327.2395833333
"RNA023215",1144451,117,71719,0.00163136686233773,15.9574310852075,9781.63247863248
"RNA023216",1048061,113,74762,0.00151146304272224,14.0186324603408,9274.87610619469
"RNA023217",892707,51,68453,0.000745036740537303,13.0411669320556,17504.0588235294
"RNA023218",1282897,102,143419,0.000711202839233295,8.94509792984193,12577.4215686275
"RNA023219",408131,57,94929,0.000600448756439023,4.29932897217921,7160.19298245614
"RNA023220",816384,98,128729,0.00076128921998928,6.34188100583396,8330.44897959184
"RNA023221",1041004,214,152617,0.00140220290007011,6.82102255974105,4864.5046728972
"RNA023222",1270730,64,54926,0.00116520409277938,23.135309325274,19855.15625
"RNA023223",2054010,138,150853,0.000914797849562157,13.6159705143418,14884.1304347826
"RNA023224",973490,175,155941,0.00112221930088944,6.24268152698777,5562.8
"RNA023225",376453,125,53639,0.00233039392978989,7.01827028840955,3011.624
"RNA023226",324676,85,103477,0.000821438580554133,3.13766344211757,3819.71764705882
"RNA023227",2550660,102,165006,0.000618159339660376,15.4579833460601,25006.4705882353
"RNA023228",2616308,166,101784,0.00163090466085043,25.7045115145799,15760.8915662651
"RNA023229",1941759,167,152253,0.00109685851838716,12.7535023940415,11627.2994011976
"RNA023230",1229967,167,143030,0.00116758721946445,8.5993637698385,7365.07185628743
"RNA023231",1732941,108,128652,0.00083947392967074,13.4699888070143,16045.75
"RNA023232",1257137,155,277243,0.00055907633375775,4.53442287091108,8110.56129032258
"RNA023233",533297,93,226527,0.0004105470871022,2.35423150441228,5734.37634408602
"RNA023234",1320092,159,384829,0.000413170525090365,3.43033399250057,8302.46540880503
"RNA023235",905641,106,87103,0.00121695004764474,10.3973571518777,8543.78301886793
"RNA023236",918779,135,61549,0.00219337438463663,14.9276023980893,6805.77037037037
"RNA023237",1268990,126,80726,0.00156083541857642,15.7197185541213,10071.3492063492
"RNA023238",1277852,103,144023,0.000715163550266277,8.87255507800837,12406.3300970874
"RNA023239",681616,44,61589,0.000714413288087158,11.0671710857458,15491.2727272727
"RNA023240",1116749,89,113911,0.000781311725821036,9.80369762358332,12547.7415730337
"RNA023241",757765,105,83790,0.0012531328320802,9.04362095715479,7216.80952380952
"RNA023242",1953162,109,124153,0.000877948982304092,15.7318953227067,17918.9174311927
"RNA023243",3066250,121,154082,0.000785296141015823,19.9001181189237,25340.9090909091
"RNA023244",1398289,62,64951,0.000954565749565057,21.528367538606,22553.0483870968
"RNA023245",1993293,118,153766,0.000767399815303773,12.9631583054772,16892.313559322
"RNA023246",1517521,114,144603,0.000788365386610236,10.4943949987206,13311.5877192982
"RNA023247",846387,93,118883,0.000782281739188951,7.11949563856901,9100.93548387097
"RNA023248",1310314,49,115419,0.000424540153700864,11.3526715705386,26741.1020408163
"RNA023249",1742646,121,137638,0.000879117685522893,12.6610819686424,14402.0330578512
"RNA023250",2206192,109,153278,0.000711126189016036,14.3934028366758,20240.2935779817
"RNA023252",1471272,109,119636,0.000911096994215788,12.2979036410445,13497.9082568807
"RNA023253",1100764,144,84514,0.00170385971555009,13.0246349717207,7644.19444444444
"RNA023254",1221700,146,139231,0.00104861704649108,8.77462634039833,8367.80821917808
"RNA023255",1591247,141,95532,0.00147594523301093,16.656690951723,11285.4397163121
"RNA023256",1839887,181,283166,0.000639201034022446,6.49755620378153,10165.1215469613
"RNA023257",960181,49,59380,0.00082519366790165,16.1701077803974,19595.5306122449
"RNA023258",525040,52,54048,0.00096210775606868,9.71432800473653,10096.9230769231
"RNA023259",1008427,99,88164,0.00112290730910576,11.4380813030262,10186.1313131313
"RNA023260",1641912,119,165540,0.000718859490153437,9.91852120333454,13797.5798319328
"RNA023261",767028,103,151532,0.000679724414645091,5.0618219254019,7446.87378640777
"RNA023262",810590,90,90681,0.000992490157805935,8.93891774462126,9006.55555555555
"RNA023263",19967,0,777,0,25.6975546975547,Inf
"RNA023264",759517,46,63844,0.000720506233945242,11.8964507236389,16511.2391304348
"RNA023265",785351,79,156926,0.000503421995080484,5.0045945222589,9941.15189873418
"RNA023266",1253780,160,141408,0.00113147770988912,8.86640076940484,7836.125
"RNA023267",2148034,143,103635,0.00137984271722874,20.7269165822357,15021.2167832168
"RNA023268",2169705,76,98614,0.000770681647636238,22.0019976879551,28548.75
"RNA023269",1229208,112,66552,0.00168289457867532,18.4698882077173,10975.0714285714
"RNA023270",654647,92,50364,0.00182670161226273,12.9983122865539,7115.72826086957
"RNA023271",414753,112,67401,0.00166169641399979,6.15351404281836,3703.15178571429
"RNA023272",1423461,173,198163,0.000873018676544057,7.18328345856694,8228.09826589595
"RNA023273",2514915,117,154624,0.000756674254966887,16.2647131105132,21495
"RNA023274",915310,99,73826,0.00134099097878796,12.3982065938829,9245.55555555555
"RNA023275",474328,33,40487,0.00081507644429076,11.7155630202287,14373.5757575758
"RNA023276",1159355,175,169560,0.00103208303845247,6.83743217740033,6624.88571428571
"RNA023277",2689383,161,80688,0.00199534007535197,33.3306439619274,16704.2422360248
"RNA023278",2396944,113,120561,0.000937284859946417,19.881586914508,21211.8938053097
"RNA023279",128046,4,2331,0.00171600171600172,54.9317889317889,32011.5
"RNA023280",311998,27,28441,0.000949333708378749,10.9700080869168,11555.4814814815
"RNA023281",779720,145,90365,0.00160460355226028,8.62856194323023,5377.37931034483
"RNA023282",1100053,115,118241,0.000972589879990866,9.30348187177037,9565.67826086956
"RNA023283",19112,1,970,0.00103092783505155,19.7030927835052,19112
"RNA023284",1820891,161,134345,0.00119840708623321,13.5538427183743,11309.8819875776
"RNA023285",1353719,101,110152,0.000916914808628078,12.2895544338732,13403.1584158416
"RNA023286",1361279,200,166953,0.00119794193575437,8.15366600180889,6806.395
"RNA023287",488022,67,88189,0.000759731939357516,5.53381941058409,7283.91044776119
"RNA023288",565129,171,136214,0.0012553775676509,4.14883198496483,3304.84795321637
"RNA023289",561952,77,129065,0.000596598613101925,4.35402316662147,7298.07792207792
"RNA023290",919333,144,214233,0.000672165352676759,4.29127632064154,6384.25694444444
"RNA023291",631363,148,171654,0.000862199540937001,3.67811411327438,4265.96621621622
"RNA023292",621023,273,82146,0.00332335110656636,7.55999074818007,2274.80952380952
"RNA023293",515123,198,117504,0.00168504901960784,4.38387629357298,2601.63131313131
"RNA023294",1583698,67,60702,0.0011037527593819,26.0897169780238,23637.2835820896
"RNA023295",509370,178,84291,0.00211173197613031,6.04299391394099,2861.62921348315
"RNA023296",340066,154,119254,0.00129136129605716,2.85161084743489,2208.22077922078
"RNA023297",776283,79,183022,0.000431642097671318,4.24147370261499,9826.36708860759
"RNA023298",1352493,173,189351,0.000913647142080052,7.14278245163744,7817.87861271676
"RNA023299",813304,199,166447,0.00119557576886336,4.88626409607863,4086.95477386935
"RNA023300",293571,91,113743,0.000800049233799003,2.58100278698469,3226.05494505495
"RNA023301",691002,126,152764,0.000824801654840146,4.52333010395119,5484.14285714286
"RNA023302",381822,73,142623,0.000511838903963596,2.67714183546833,5230.43835616438
"RNA023303",357176,64,101427,0.000630995691482544,3.52150807970264,5580.875
"RNA023304",465603,102,150640,0.000677110993096123,3.09083244822092,4564.73529411765
"RNA023305",863102,126,61123,0.00206141714248319,14.1207401469169,6850.01587301587
"RNA023306",292505,151,171448,0.000880733516868088,1.70608581027484,1937.11920529801
"RNA023307",1690511,162,102422,0.00158169143348109,16.5053504129972,10435.2530864198
"RNA023308",221731,58,109460,0.000529873926548511,2.02568061392289,3822.94827586207
"RNA023309",322156,110,116270,0.000946073793755913,2.77075771910209,2928.69090909091
"RNA023310",539422,164,65427,0.0025066104207743,8.24463906338362,3289.15853658537
"RNA023311",510791,188,128039,0.00146830262654347,3.98933918571685,2716.97340425532
"RNA023312",947547,140,145821,0.000960081195438243,6.49801468924229,6768.19285714286
"RNA023313",18656,2,26515,7.54290024514426e-05,0.703601734867056,9328
"RNA023314",857982,230,242329,0.000949122886654094,3.54056675016197,3730.35652173913
"RNA023315",500510,129,158180,0.000815526615248451,3.16418004804653,3879.92248062016
"RNA023316",429057,122,244766,0.000498435240188588,1.75292728565242,3516.8606557377
"RNA023317",1409732,143,231834,0.000616820656159148,6.08078193880104,9858.26573426573
"RNA023318",1034375,128,252572,0.000506786183741666,4.09536686568582,8081.0546875
"RNA023319",531315,125,139682,0.000894889821165218,3.80374708265918,4250.52
"RNA023320",89523,13,52813,0.000246151515725295,1.69509401094428,6886.38461538462
"RNA023321",1068333,140,83593,0.00167478138121613,12.7801729809912,7630.95
"RNA023322",608366,151,126230,0.00119622910560089,4.81950407985423,4028.91390728477
"RNA023323",161650,81,33645,0.0024074899687918,4.80457720315054,1995.67901234568
"RNA023324",247898,25,25304,0.000987986089155865,9.79679102118242,9915.92
"RNA023325",486200,257,139310,0.00184480654655086,3.49005814370828,1891.82879377432
"RNA023326",341657,168,138234,0.00121533052649855,2.47158441483282,2033.67261904762
"RNA023327",427319,104,79467,0.00130871934262021,5.37731385354927,4108.83653846154
"RNA023328",340851,67,107129,0.000625414220239151,3.18168749824977,5087.32835820896
"RNA023329",413230,136,109921,0.00123725220840422,3.75933625057996,3038.45588235294
"RNA023330",443916,140,105921,0.00132173978719989,4.19101028124734,3170.82857142857
"RNA023331",461282,109,103004,0.00105821133159877,4.47829210516096,4231.94495412844
"RNA023332",2831535,181,202728,0.00089282190915907,13.9671628980703,15643.8397790055
"RNA023333",1131944,474,207938,0.00227952562783137,5.44366109128683,2388.06751054852
"RNA023334",431518,87,104069,0.000835983818428158,4.14646052138485,4959.97701149425
"RNA023335",250995,78,91518,0.000852291352520816,2.74257523110208,3217.88461538462
"RNA023336",456725,260,210782,0.00123350191192796,2.16681215663577,1756.63461538462
"RNA023337",637535,127,152203,0.000834411936689816,4.18871507131923,5019.96062992126
"RNA023338",2023760,140,141701,0.000987995850417428,14.281903444577,14455.4285714286
"RNA023339",666758,126,210064,0.000599817198568055,3.17407075938762,5291.73015873016
"RNA023340",573193,80,90145,0.000887459093682401,6.3585667535637,7164.9125
"RNA023341",622265,117,149028,0.000785087366132539,4.17549051185012,5318.50427350427
"RNA023342",1539581,123,214572,0.000573234159163358,7.17512536584456,12516.918699187
"RNA023343",429172,101,69357,0.00145623368946177,6.18786856409591,4249.22772277228
"RNA023344",403198,149,142544,0.00104529127848243,2.8285862610843,2706.02684563758
"RNA023345",775872,174,130337,0.00133500080560393,5.95281462669848,4459.03448275862
"RNA023346",1309258,238,237373,0.00100264141246056,5.51561466552641,5501.08403361345
"RNA023347",2063135,138,68075,0.00202717590892398,30.306793977231,14950.2536231884
"RNA023348",810711,24,35662,0.000672985250406595,22.7331893892659,33779.625
"RNA023349",282061,116,86160,0.00134633240482823,3.27368848653668,2431.56034482759
"RNA023350",665113,142,108016,0.00131462005628796,6.15754147533699,4683.89436619718
"RNA023351",609789,119,70347,0.00169161442563293,8.6683014201032,5124.27731092437
"RNA023352",952004,148,116402,0.00127145581691036,8.17858799676982,6432.45945945946
"RNA023353",2079780,127,91566,0.00138697769914597,22.7134525915733,16376.2204724409
"RNA023354",887333,102,36237,0.00281480254987996,24.4869332450258,8699.3431372549
"RNA023355",499982,123,108215,0.00113662616088343,4.62026521277087,4064.89430894309
"RNA023356",715293,168,98235,0.00171018476103222,7.28144754924416,4257.69642857143
"RNA023357",874505,108,63032,0.00171341540804671,13.8739846427212,8097.26851851852
"RNA023358",471821,183,110697,0.00165316133228543,4.26227449705051,2578.25683060109
"RNA023359",2713215,121,85940,0.00140795904119153,31.5710379334419,22423.2644628099
"RNA023360",1456019,145,115983,0.00125018321650587,12.5537277014735,10041.5103448276
"RNA023361",1240682,141,29927,0.00471146456377184,41.4569452334013,8799.16312056738
"RNA023362",376197,162,106376,0.00152289990223359,3.53648379333684,2322.2037037037
"RNA023363",441746,88,103491,0.000850315486370796,4.26844846411765,5019.84090909091
"RNA023364",169863,68,109800,0.000619307832422587,1.5470218579235,2497.98529411765
"RNA023365",285262,82,84013,0.000976039422470332,3.39545070405771,3478.80487804878
"RNA023366",725208,88,77281,0.00113870162135583,9.38404006159341,8241
"RNA023367",361740,160,119534,0.00133853129653488,3.02625194505329,2260.875
"RNA023368",784120,146,224345,0.000650783391651251,3.4951525552163,5370.68493150685
"RNA023369",273754,145,103764,0.0013974017963841,2.63823676805058,1887.95862068966
"RNA023370",666955,157,119388,0.00131504003752471,5.58644922437766,4248.12101910828
"RNA023371",816464,31,66873,0.000463565265503267,12.2091726107697,26337.5483870968
"RNA023372",540075,166,179437,0.000925115778797015,3.00983074839637,3253.46385542169
"RNA023373",280768,139,135560,0.00102537621717321,2.07117143700207,2019.91366906475
"RNA023374",1897835,215,194279,0.0011066558917845,9.76860597388292,8827.13953488372
"RNA023375",279933,32,44660,0.000716524854455889,6.26809225257501,8747.90625
"RNA023376",330958,26,37799,0.000687848884891135,8.75573427868462,12729.1538461538
"RNA023377",151497,41,68053,0.000602471603015297,2.22616196200021,3695.0487804878
"RNA023378",589845,140,215033,0.000651062860119145,2.74304409090698,4213.17857142857
"RNA023379",277322,130,198967,0.000653374680223354,1.39380902360693,2133.24615384615
"RNA023380",289571,129,178700,0.00072188024622272,1.62043088975937,2244.73643410853
"RNA023381",283797,148,184517,0.000802094115989313,1.53805340429337,1917.5472972973
"RNA023382",385735,104,138319,0.000751885135086286,2.78873473637027,3708.99038461538
"RNA023383",456242,97,127511,0.000760718683094008,3.57805993208429,4703.52577319588
"RNA023384",981703,98,155851,0.000628805718282205,6.29898428627343,10017.3775510204
"RNA023385",531819,69,155642,0.00044332506649876,3.41693758754064,7707.52173913043
"RNA023386",588421,90,181750,0.000495185694635488,3.2375295735901,6538.01111111111
"RNA023387",1379749,94,198800,0.000472837022132797,6.94038732394366,14678.1808510638
"RNA023388",849742,110,116870,0.000941216736544879,7.2708308376829,7724.92727272727
"RNA023389",3837857,77,141506,0.000544146537955988,27.1215142820799,49842.2987012987
"RNA023390",1106085,128,200459,0.000638534563177508,5.51776173681401,8641.2890625
"RNA023391",1357352,122,200736,0.000607763430575482,6.76187629523354,11125.8360655738
"RNA023392",782941,95,108404,0.000876351426146637,7.22243644145972,8241.48421052632
"RNA023393",709706,98,123903,0.000790941300856315,5.72791619250543,7241.89795918367
"RNA023394",1235843,137,190460,0.000719311141447023,6.4887272918198,9020.75182481752
"RNA023395",551954,161,110287,0.00145982754087064,5.00470590368765,3428.28571428571
"RNA023396",710653,79,90950,0.000868609125893348,7.81366684991754,8995.60759493671
"RNA023397",589605,139,154689,0.000898577145110512,3.81155091829413,4241.76258992806
"RNA023398",745098,172,149639,0.00114943296867795,4.97930352381398,4331.96511627907
"RNA023399",436548,99,138434,0.000715142233844287,3.15347385757834,4409.57575757576
"RNA023400",873204,96,117661,0.000815903315457118,7.42135456948352,9095.875
"RNA023401",464417,149,111369,0.00133789474629385,4.170074257648,3116.89261744966
"RNA023402",951939,138,128094,0.00107733383296642,7.43156588130592,6898.10869565217
"RNA023403",672191,116,66026,0.00175688365189471,10.1807015418169,5794.75
"RNA023404",896980,99,117219,0.000844572978783303,7.65217242938431,9060.40404040404
"RNA023405",744028,114,117868,0.000967183629144467,6.31238334407982,6526.56140350877
"RNA023406",729059,137,82804,0.00165450944398821,8.80463504178542,5321.59854014599
"RNA023407",1536648,111,154025,0.000720662230157442,9.97661418600877,13843.6756756757
"RNA023408",284574,77,103896,0.000741125741125741,2.73902748902749,3695.76623376623
"RNA023409",740573,90,51251,0.00175606329632593,14.4499229283331,8228.58888888889
"RNA023410",421432,100,144924,0.000690016836410808,2.9079517540228,4214.32
"RNA023411",346225,129,154769,0.000833500248757826,2.23704359400138,2683.91472868217
"RNA023412",572213,164,135398,0.00121124388838831,4.22615548235572,3489.10365853659
"RNA023413",469880,148,110744,0.00133641551686773,4.24293866936358,3174.86486486487
"RNA023414",608922,155,188780,0.000821061553130628,3.22556414874457,3928.52903225806
"RNA023415",184089,25,50861,0.000491535754310769,3.6194530190126,7363.56
"RNA023416",710026,118,67421,0.00175019652630486,10.5312291422554,6017.16949152542
"RNA023417",791379,99,68671,0.00144165659448676,11.5242096372559,7993.72727272727
"RNA023418",256896,62,27743,0.00223479796705475,9.25984933136287,4143.48387096774
"RNA023419",999989,84,49683,0.00169071915947105,20.1273876376225,11904.630952381
"RNA023420",840490,90,157449,0.00057161366537736,5.3381729957002,9338.77777777778
"RNA023421",1233130,126,117279,0.00107436113882281,10.5144996120363,9786.74603174603
"RNA023422",592742,91,150002,0.000606658577885628,3.95156064585806,6513.64835164835
"RNA023423",596401,137,107169,0.00127835474810813,5.5650514607769,4353.29197080292
"RNA023424",243539,46,44032,0.00104469476744186,5.53095476017442,5294.32608695652
"RNA023425",382797,79,84508,0.000934822738675628,4.52971316325082,4845.53164556962
"RNA023426",474598,118,132885,0.000887985852428792,3.57149414907627,4022.01694915254
"RNA023427",233837,67,88067,0.000760784402784244,2.65521705065462,3490.10447761194
"RNA023428",741547,117,152471,0.000767359038768028,4.86352814633602,6338.00854700855
"RNA023429",622357,208,165580,0.00125619036115473,3.75864838748641,2992.10096153846
"RNA023430",817970,103,143498,0.000717780038746185,5.70021881838074,7941.45631067961
"RNA023431",387121,746,170469,0.00437616223477582,2.27091729288023,518.928954423592
"RNA023432",874883,104,150765,0.000689815275428647,5.80295824627732,8412.33653846154
"RNA023433",245066,78,61673,0.00126473497316492,3.97363514017479,3141.87179487179
"RNA023434",471463,117,103576,0.00112960531397235,4.55185564223372,4029.59829059829
"RNA023435",722833,69,111970,0.000616236491917478,6.45559524872734,10475.8405797101
"RNA023436",599263,94,132179,0.000711156840345289,4.53372320867914,6375.13829787234
"RNA023437",318036,102,109676,0.00093001203544987,2.8997775265327,3118
"RNA023438",507314,129,174583,0.000738903558765745,2.90586139543942,3932.66666666667
"RNA023439",123529,103,84374,0.00122075520895062,1.46406475928604,1199.31067961165
"RNA023440",946404,144,212305,0.000678269470808507,4.45775652952121,6572.25
"RNA023441",789745,110,125729,0.000874897597213053,6.28132729919112,7179.5
"RNA023442",276779,128,69659,0.00183752278958928,3.97334156390416,2162.3359375
"RNA023443",529103,81,130134,0.00062243533588455,4.06583214225337,6532.13580246914
"RNA023444",170354,86,61584,0.00139646661470512,2.76620550792414,1980.86046511628
"RNA023445",456076,81,80507,0.00100612369110761,5.66504775982213,5630.56790123457
"RNA023446",234829,119,112111,0.00106144802918536,2.0946115902989,1973.35294117647
"RNA023447",1021807,38,59911,0.000634274173357146,17.0554155330407,26889.6578947368
"RNA023448",1605914,99,216311,0.000457674366999367,7.42409771116587,16221.3535353535
"RNA023449",998976,74,121756,0.00060777292289497,8.20473734353954,13499.6756756757
"RNA023450",1047687,130,143139,0.00090820810540803,7.31936788715864,8059.13076923077
"RNA023451",432349,63,143737,0.000438300507176301,3.0079172377328,6862.68253968254
"RNA023452",327101,28,39875,0.000702194357366771,8.20315987460815,11682.1785714286
"RNA023453",939345,115,195724,0.000587562077210766,4.79933477754389,8168.21739130435
"RNA023454",691500,142,176673,0.000803744771413855,3.91401062980761,4869.71830985915
"RNA023455",1089031,71,131856,0.000538466205557578,8.25924493386725,15338.4647887324
"RNA023456",316789,88,161132,0.000546136087183179,1.96602164684855,3599.875
"RNA023457",390787,84,99515,0.000844093855197709,3.9269155403708,4652.22619047619
"RNA023458",153602,51,70102,0.000727511340617957,2.19112150865881,3011.80392156863
"RNA023459",2356572,163,135312,0.0012046233889086,17.4158389499823,14457.4969325153
"RNA023460",4288983,42,105504,0.000398089171974522,40.652325978162,102118.642857143
"RNA023461",1146466,36,88624,0.000406210507311789,12.9362926521033,31846.2777777778
"RNA023462",694031,62,77614,0.000798824954260829,8.94208519081609,11194.0483870968
"RNA023463",603165,95,123641,0.000768353539683438,4.87835750277012,6349.1052631579
"RNA023464",914826,115,169875,0.000676968359087564,5.38528918322296,7955.00869565217
"RNA023465",535194,158,175590,0.000899823452360613,3.04797539723219,3387.30379746835
"RNA023466",349375,49,94562,0.000518178549523064,3.69466593346164,7130.10204081633
"RNA023467",673545,157,122937,0.00127707687677428,5.47878181507601,4290.09554140127
"RNA023468",1087012,41,59241,0.000692088249691936,18.3489812798569,26512.487804878
"RNA023469",270799,121,76794,0.0015756439305154,3.52630413834414,2238.00826446281
"RNA023470",249173,37,69217,0.000534550760651285,3.59988153199359,6734.4054054054
"RNA023471",585784,106,181965,0.000582529607342071,3.21921248591762,5526.2641509434
"RNA023472",381717,178,143806,0.00123777867404698,2.65438855124265,2144.47752808989
"RNA023473",382409,109,142467,0.000765089459313385,2.68419353253736,3508.33944954128
"RNA023474",253040,79,70606,0.00111888508058805,3.58383140243039,3203.03797468354
"RNA023475",185199,113,42482,0.00265995009651146,4.35946989313121,1638.92920353982
"RNA023476",887887,143,61656,0.00231932009861165,14.4006584922797,6209
"RNA023477",861177,165,280737,0.000587738702059223,3.06755789226215,5219.25454545455
"RNA023478",445801,68,130701,0.000520271459284933,3.41084612971592,6555.89705882353
"RNA023479",1621166,120,131983,0.000909208004061129,12.2831425259314,13509.7166666667
"RNA023480",3584488,48,84301,0.000569388263484419,42.520112454182,74676.8333333333
"RNA023481",1531250,83,56697,0.00146392225338201,27.0076018131471,18448.7951807229
"RNA023482",4025136,91,76742,0.0011857913528446,52.4502358552031,44232.2637362637
"RNA023483",865875,110,171206,0.000642500846932935,5.0575038258005,7871.59090909091
"RNA023484",1025715,136,185631,0.000732636251488167,5.52555876981754,7542.02205882353
"RNA023485",1496324,124,190694,0.000650256431770271,7.84672826622757,12067.1290322581
"RNA023486",1149601,120,96657,0.0012415034606909,11.893613499281,9580.00833333333
"RNA023487",1937327,121,156486,0.000773232110220723,12.3801937553519,16010.9669421488
"RNA023488",1098514,99,133578,0.000741140008085164,8.22376439234006,11096.101010101
"RNA023489",1368667,115,110020,0.00104526449736412,12.4401654244683,11901.452173913
"RNA023490",4105214,74,60862,0.00121586540041405,67.4511846472347,55475.8648648649
"RNA023491",698922,74,118605,0.000623919733569411,5.89285443278108,9444.89189189189
"RNA023492",785517,135,225521,0.000598613876313071,3.4831213057764,5818.64444444444
"RNA023493",1926832,116,178026,0.000651590217159291,10.823317942323,16610.6206896552
"RNA023494",649516,94,170375,0.000551724137931035,3.8122729273661,6909.74468085106
"RNA023495",785296,112,137882,0.000812288768657258,5.69542072206669,7011.57142857143
"RNA023496",898946,66,96807,0.000681768880349562,9.28596072598056,13620.3939393939
"RNA023497",1268949,100,179879,0.000555929263560505,7.05445883065839,12689.49
"RNA023498",1864656,47,102258,0.000459621741086272,18.2348178137652,39673.5319148936
"RNA023499",1050124,50,90662,0.000551498974211908,11.5828461759061,21002.48
"RNA023500",970282,95,135806,0.000699527266836517,7.14461805811231,10213.4947368421
"RNA023501",731750,62,111472,0.00055619348356538,6.5644287354672,11802.4193548387
"RNA023502",996132,87,121190,0.000717881013284924,8.21958907500619,11449.7931034483
"RNA023503",1509695,89,153592,0.000579457263399135,9.82925542997031,16962.8651685393
"RNA023504",1241841,178,238015,0.000747852026132807,5.21749049429658,6976.63483146067
"RNA023505",506570,78,123167,0.000633286513432981,4.11287114243263,6494.48717948718
"RNA023506",773164,125,185870,0.000672513046753107,4.15970301823855,6185.312
"RNA023507",641374,121,127949,0.000945689298079704,5.01273163526092,5300.61157024793
"RNA023508",762094,130,118956,0.00109284105047244,6.40652005783651,5862.26153846154
"RNA023509",1164297,112,165805,0.000675492295166008,7.02208618557945,10395.5089285714
"RNA023510",950412,115,261956,0.000439005023744446,3.62813602284353,8264.45217391304
"RNA023511",1079678,121,242462,0.00049904727338717,4.45297819864556,8922.95867768595
"RNA023512",2250995,100,242666,0.000412089044200671,9.27610378050489,22509.95
"RNA023513",731950,139,149647,0.000928852566372864,4.89117723709797,5265.8273381295
"RNA023514",1318414,80,165685,0.000482843950870628,7.95735280803935,16480.175
"RNA023515",526655,64,126839,0.000504576668059508,4.15215351745126,8228.984375
"RNA023516",1303872,130,197888,0.000656937257438551,6.58893919793014,10029.7846153846
"RNA023517",792183,76,150306,0.000505635170917994,5.27046824478065,10423.4605263158
"RNA023518",947515,87,137313,0.000633588953704311,6.90040272953034,10890.9770114943
"RNA023519",1360532,98,138133,0.000709461171479661,9.84943496485271,13882.9795918367
"RNA023520",1557802,106,199425,0.00053152814341231,7.81146797041494,14696.2452830189
"RNA023521",1785310,100,141205,0.000708190219893063,12.6433908147728,17853.1
"RNA023522",1028869,105,152284,0.000689501195135405,6.75625147750256,9798.75238095238
"RNA023523",723126,167,62730,0.00266220309261916,11.5275944524151,4330.09580838323
"RNA023524",599234,110,99930,0.00110077053937756,5.99653757630341,5447.58181818182
"RNA023525",642477,135,157089,0.000859385443920325,4.08989171743407,4759.08888888889
"RNA023526",964605,134,96970,0.00138187068165412,9.94745797669382,7198.5447761194
"RNA023527",941828,83,155217,0.000534735241629461,6.06781473678785,11347.3253012048
"RNA023528",1347011,97,143792,0.00067458551240681,9.36777428507845,13886.7113402062
"RNA023529",942907,88,146597,0.000600285135439334,6.43196654774654,10714.8522727273
"RNA023530",1150499,150,133948,0.00111983754889957,8.58914653447606,7669.99333333333
"RNA023531",546105,160,198564,0.000805785540178482,2.75027195261981,3413.15625
"RNA023532",495877,136,236169,0.000575858812968679,2.09967015145934,3646.15441176471
"RNA023533",1312050,73,127333,0.000573299930104529,10.3040845656664,17973.2876712329
"RNA023534",970023,91,179820,0.000506061617172728,5.39441107774441,10659.5934065934
"RNA023535",132251,21,49085,0.000427829275746155,2.6943261688907,6297.66666666667
"RNA023536",654018,100,116682,0.000857030218885518,5.60513189695069,6540.18
"RNA023537",854528,99,149338,0.000662925712142924,5.72210689844514,8631.59595959596
"RNA023538",754523,109,188176,0.000579244962163081,4.00966648244197,6922.22935779817
"RNA023539",1356461,134,272155,0.000492366482335434,4.98414873877019,10122.8432835821
"RNA023540",976780,120,126363,0.00094964507015503,7.72995259688358,8139.83333333333
"RNA023541",1274987,175,202714,0.000863285219570429,6.2895853271111,7285.64
"RNA023542",418474,84,141374,0.000594168659017924,2.96004923111746,4981.83333333333
"RNA023543",3417544,74,107389,0.000689083611915559,31.8239670729777,46183.027027027
"RNA023544",496233,85,162941,0.00052166121479554,3.04547658354865,5838.03529411765
"RNA023545",1246518,121,137561,0.000879609773118835,9.06156541461606,10301.8016528926
"RNA023546",1678761,137,182609,0.000750236844843354,9.19319967800054,12253.7299270073
"RNA023547",985374,100,151871,0.000658453555978429,6.48823014268689,9853.74
"RNA023549",501045,127,128556,0.000987896325336818,3.89748436479044,3945.23622047244
"RNA023550",1343778,115,138442,0.000830672772713483,9.70643301888155,11685.0260869565
"RNA023551",707211,111,282630,0.000392739624243711,2.50225029190107,6371.27027027027
"RNA023552",1795178,101,177651,0.000568530433265222,10.1050824369128,17774.0396039604
"RNA023553",564374,109,216117,0.000504356436559826,2.61142806905519,5177.74311926606
"RNA023554",1298578,100,130948,0.000763661911598497,9.91674557839753,12985.78
"RNA023555",1051410,128,167543,0.000763982977504282,6.27546361232639,8214.140625
"RNA023556",616065,99,145483,0.000680491878776214,4.23461847776029,6222.87878787879
"RNA023559",867016,52,142630,0.000364579681693893,6.07877725583678,16673.3846153846
"RNA023560",1479012,118,265223,0.000444908624063524,5.57648469401221,12534
"RNA023561",768832,115,69943,0.00164419598816179,10.9922651301774,6685.49565217391
"RNA023562",1076265,109,89282,0.00122085078739276,12.0546694742501,9873.99082568807
"RNA023563",786750,137,143761,0.000952970555296638,5.47262470350095,5742.70072992701
"RNA023564",733062,133,184283,0.000721716056282999,3.97791440339044,5511.74436090226
"RNA023565",577686,88,162755,0.000540689994163006,3.54942090872784,6564.61363636364
"RNA023567",1584714,90,233853,0.000384857153853062,6.77653910790112,17607.9333333333
"RNA023568",854960,126,121258,0.00103910669811476,7.05075129063649,6785.39682539683
"RNA023569",872244,128,145900,0.00087731322823852,5.97836874571624,6814.40625
"RNA023570",345956,112,179091,0.000625380393207922,1.93173302957714,3088.89285714286
"RNA023571",450502,81,134599,0.000601787531853877,3.34699366265723,5561.75308641975
"RNA023572",637973,103,87733,0.00117401661860417,7.27175635165787,6193.91262135922
"RNA023573",724814,93,165834,0.000560801765621043,4.37072011770807,7793.69892473118
"RNA023575",724161,151,163483,0.00092364343693228,4.42957983398886,4795.76821192053
"RNA023576",355250,76,45533,0.00166911910043265,7.80203368985132,4674.34210526316
"RNA023577",885506,110,207406,0.000530360741733605,4.26943289972325,8050.05454545455
"RNA023578",926090,87,137050,0.000634804815760671,6.7573148485954,10644.7126436782
"RNA023579",888118,79,89599,0.000881706269043181,9.91214187658344,11242
"RNA023580",1165449,71,92499,0.000767575865685034,12.5995848603769,16414.7746478873
"RNA023581",972606,110,82841,0.00132784490771478,11.7406356755713,8841.87272727273
"RNA023582",945850,72,109241,0.000659093197608956,8.65837917997821,13136.8055555556
"RNA023583",498109,198,90886,0.00217855335255155,5.48059107013181,2515.70202020202
"RNA023585",1382149,175,164500,0.00106382978723404,8.40212158054711,7897.99428571429
"RNA023586",1177730,128,194892,0.000656774008168627,6.04298791125341,9201.015625
"RNA023587",643079,88,120278,0.000731638371106936,5.34660536423951,7307.71590909091
"RNA023588",931498,102,138438,0.000736791921293287,6.72862942255739,9132.33333333333
"RNA023590",1650903,126,145364,0.000866789576511378,11.3570278748521,13102.4047619048
"RNA023591",2238340,101,139469,0.000724175264754175,16.0490144763352,22161.7821782178
"RNA023592",373837,35,51824,0.000675362766285891,7.21358829885767,10681.0571428571
"RNA023593",1323669,265,201989,0.00131195263108387,6.55317368767606,4994.97735849057
"RNA023594",1579578,122,201631,0.000605065689303728,7.8340036998279,12947.3606557377
"RNA023595",1396787,142,120257,0.00118080444381616,11.6150161736947,9836.52816901408
"RNA023596",855462,121,102724,0.0011779136326467,8.32777150422491,7069.93388429752
"RNA023597",2282784,164,154899,0.00105875441416665,14.7372416865183,13919.4146341463
"RNA023598",1365742,144,143054,0.00100661288744111,9.54703818138605,9484.31944444445
"RNA023599",121386,27,33273,0.0008114687584528,3.64818321161302,4495.77777777778
"RNA023601",2764469,117,222546,0.000525734005553908,12.4220116290565,23627.9401709402
"RNA023602",2343887,140,146316,0.000956833155635747,16.0193485333115,16742.05
"RNA023603",2194514,112,99432,0.00112639794030091,22.0705004425135,19593.875
"RNA023605",1588026,151,167826,0.00089974139882974,9.46233599084766,10516.7284768212
"RNA023606",2849781,137,176258,0.000777269684212915,16.168236335372,20801.3211678832
"RNA023607",1385479,84,166236,0.000505305709954523,8.33441011573907,16493.7976190476
"RNA023608",4578546,68,150534,0.000451725191651056,30.4153613137231,67331.5588235294
"RNA023609",1129441,125,209336,0.00059712615125922,5.39535005923491,9035.528
"RNA023610",2077017,104,122008,0.000852403121106813,17.0236132056914,19971.3173076923
"RNA023611",1881233,128,164961,0.00077594097998921,11.4041076375628,14697.1328125
"RNA023613",1891482,99,165856,0.000596903337835231,11.4043628207602,19105.8787878788
"RNA023614",1442235,77,66537,0.00115725085290891,21.6756842057802,18730.3246753247
"RNA023615",1300431,95,239796,0.000396170077899548,5.4230721112946,13688.7473684211
"RNA023617",4245158,103,203655,0.000505757285605558,20.8448503596769,41215.1262135922
"RNA023618",966664,143,177147,0.000807239185535177,5.45684657374948,6759.88811188811
"RNA023619",1249780,185,125645,0.00147240240359744,9.94691392415138,6755.56756756757
"RNA023620",1794440,154,109648,0.00140449438202247,16.3654603823143,11652.2077922078
"RNA023621",1219596,136,176546,0.000770337475785348,6.90809194204343,8967.61764705882
"RNA023622",578069,119,62048,0.00191787003610108,9.31648078906653,4857.72268907563
"RNA023623",721647,134,196572,0.000681684064871904,3.6711586594225,5385.42537313433
"RNA023624",513771,193,272064,0.000709391907786403,1.8884196365561,2662.02590673575
"RNA023625",2965509,115,91077,0.00126266785247648,32.5604598306927,25787.0347826087
"RNA023626",832738,319,239299,0.00133306031366617,3.47990589179228,2610.46394984326
"RNA023629",1469834,106,174415,0.000607745893415131,8.42722242926354,13866.358490566
"RNA023630",1045442,132,150871,0.000874919633329135,6.92937675232483,7920.01515151515
"RNA023631",350937,231,88162,0.00262017649327375,3.98059254554116,1519.20779220779
"RNA023632",1514635,144,69727,0.002065197125934,21.7223600613822,10518.2986111111
"RNA023633",727236,188,62383,0.00301364153695718,11.6575990253755,3868.27659574468
"RNA023634",1786736,98,73397,0.00133520443614862,24.3434472798616,18232
"RNA023635",1238574,189,151769,0.00124531360159189,8.16091560200041,6553.30158730159
"RNA023636",646009,149,137702,0.00108204673860946,4.69135524538496,4335.63087248322
"RNA023637",995244,214,118196,0.00181055196453349,8.42028495042133,4650.67289719626
"RNA023638",686312,366,73519,0.0049783049279778,9.33516505937241,1875.1693989071
"RNA023639",1318300,108,121758,0.000887005371310304,10.8272146388738,12206.4814814815
"RNA023640",1048210,738,110421,0.00668351128861358,9.49285009192092,1420.33875338753
"RNA023641",1022606,136,57432,0.00236801782978131,17.8055091238334,7519.16176470588
"RNA023642",862204,135,85641,0.00157634777734963,10.0676545112738,6386.6962962963
"RNA023643",2173848,173,208557,0.000829509438666647,10.4232799666278,12565.5953757225
"RNA023644",990934,178,301669,0.000590050684690837,3.28483868080578,5567.04494382022
"RNA023645",2060604,144,215079,0.000669521431659995,9.58068430669661,14309.75
"RNA023646",736685,101,123785,0.000815930847841015,5.95132689744315,7293.91089108911
"RNA023647",984709,135,228295,0.000591340151996321,4.31331829431218,7294.14074074074
"RNA023654",909470,144,130092,0.00110690895673831,6.99097561725548,6315.76388888889
