"RNAID","Prct","Z_score_strd","Run"
"RNA015584",89.34,0.127652584666315,"Cohort1"
"RNA015585",89.24,0.105243477835035,"Cohort1"
"RNA015586",91.97,0.717012094328924,"Cohort1"
"RNA015587",89.51,0.165748066279488,"Cohort1"
"RNA015588",87.68,-0.244338588732898,"Cohort1"
"RNA015589",91.36,0.580316542658129,"Cohort1"
"RNA015590",91.44,0.598243828123151,"Cohort1"
"RNA015591",90.04,0.284516332485258,"Cohort1"
"RNA015592",90.86,0.468271008501739,"Cohort1"
"RNA015593",85.58,-0.714929832189737,"Cohort1"
"RNA015594",89.56,0.176952619695126,"Cohort1"
"RNA015595",89.71,0.210566279942044,"Cohort1"
"RNA015596",91.22,0.54894379309434,"Cohort1"
"RNA015597",88.88,0.0245706932424378,"Cohort1"
"RNA015598",94.51,1.28620340784339,"Cohort1"
"RNA015599",88.66,-0.0247293417863735,"Cohort1"
"RNA015600",90.39,0.362948206394733,"Cohort1"
"RNA015601",85.85,-0.654425243745285,"Cohort1"
"RNA015602",87.18,-0.356384122889288,"Cohort1"
"RNA015603",91.59,0.631857488370069,"Cohort1"
"RNA015604",87.37,-0.313806819909861,"Cohort1"
"RNA015605",90.42,0.369670938444117,"Cohort1"
"RNA015606",81.3,-1.67403960456843,"Cohort1"
"RNA015607",89.31,0.120929852616931,"Cohort1"
"RNA015715",85.42,-0.750784403119781,"Cohort1"
"RNA015716",90.12,0.302443617950283,"Cohort1"
"RNA015717",90.08,0.293479975217771,"Cohort1"
"RNA015718",83.49,-1.18328016496345,"Cohort1"
"RNA015719",87.93,-0.188315821654707,"Cohort1"
"RNA015720",88.47,-0.0673066447658043,"Cohort1"
"RNA015721",85.07,-0.829216277029253,"Cohort1"
"RNA015722",93.01,0.950066805374217,"Cohort1"
"RNA015723",90.84,0.463789187135484,"Cohort1"
"RNA015724",88.24,-0.118847590477744,"Cohort1"
"RNA015725",91.97,0.717012094328924,"Cohort1"
"RNA015726",87.32,-0.325011373325502,"Cohort1"
"RNA015727",88.64,-0.0292111631526314,"Cohort1"
"RNA015728",91.88,0.696843898180773,"Cohort1"
"RNA015729",89.1,0.0738707282712458,"Cohort1"
"RNA015730",88.4,-0.0829930195476973,"Cohort1"
"RNA015731",92.59,0.855948556682846,"Cohort1"
"RNA015732",89.78,0.226252654723937,"Cohort1"
"RNA015733",91.86,0.692362076814519,"Cohort1"
"RNA015734",90.75,0.443620990987333,"Cohort1"
"RNA015735",88.9,0.0290525146086925,"Cohort1"
"RNA015736",85.72,-0.683557082625948,"Cohort1"
"RNA015737",85.88,-0.647702511695904,"Cohort1"
"RNA015738",91.31,0.569111989242491,"Cohort1"
"RNA015780",88.44,-0.0740293768151879,"Cohort1"
"RNA015781",86.79,-0.443779639531272,"Cohort1"
"RNA015782",88.52,-0.056102091350166,"Cohort1"
"RNA015783",81.46,-1.63818503363839,"Cohort1"
"RNA015784",94.87,1.36687619243599,"Cohort1"
"RNA015785",87.54,-0.275711338296691,"Cohort1"
"RNA015786",89.56,0.176952619695126,"Cohort1"
"RNA015787",90.8,0.454825544402972,"Cohort1"
"RNA015788",89.96,0.266589047020236,"Cohort1"
"RNA015789",89.76,0.22177083335768,"Cohort1"
"RNA015790",83.13,-1.26395294955604,"Cohort1"
"RNA015791",89.46,0.154543512863846,"Cohort1"
"RNA015822",85.6,-0.710448010823483,"Cohort1"
"RNA015823",89.47,0.156784423546975,"Cohort1"
"RNA015824",92.64,0.867153110098487,"Cohort1"
"RNA015825",95.75,1.56407633255123,"Cohort1"
"RNA015826",87.64,-0.253302231465411,"Cohort1"
"RNA015827",89.88,0.248661761555217,"Cohort1"
"RNA015828",87.76,-0.226411303267876,"Cohort1"
"RNA015829",91.59,0.631857488370069,"Cohort1"
"RNA015830",86.55,-0.497561495926338,"Cohort1"
"RNA015831",90.28,0.338298188880327,"Cohort1"
"RNA015832",86.12,-0.593920655300838,"Cohort1"
"RNA015833",87.16,-0.360865944255543,"Cohort1"
"RNA015834",88.37,-0.089715751597081,"Cohort1"
"RNA015835",89.44,0.150061691497592,"Cohort1"
"RNA015836",89.21,0.0985207457856515,"Cohort1"
"RNA015837",92.83,0.909730413077915,"Cohort1"
"RNA015838",90.93,0.483957383283635,"Cohort1"
"RNA015839",89.17,0.0895571030531421,"Cohort1"
"RNA015840",87.92,-0.190556732337832,"Cohort1"
"RNA015841",87.12,-0.369829586988055,"Cohort1"
"RNA015842",89.13,0.0805934603206295,"Cohort1"
"RNA015843",90.56,0.401043688007906,"Cohort1"
"RNA015844",88.61,-0.035933895202015,"Cohort1"
"RNA015845",85.19,-0.802325348831722,"Cohort1"
"RNA015846",86.9,-0.419129622016867,"Cohort1"
"RNA015847",92.16,0.759589397308352,"Cohort1"
"RNA015848",95.38,1.4811626372755,"Cohort1"
"RNA015849",89.64,0.194879905160148,"Cohort1"
"RNA015850",88.15,-0.139015786625895,"Cohort1"
"RNA015851",87.14,-0.365347765621801,"Cohort1"
"RNA015852",90.88,0.472752829867997,"Cohort1"
"RNA015853",89,0.0514616214399691,"Cohort1"
"RNA015854",90.64,0.418970973472928,"Cohort1"
"RNA015855",94.92,1.37808074585162,"Cohort1"
"RNA015856",89.5,0.163507155596359,"Cohort1"
"RNA015857",90.66,0.423452794839183,"Cohort1"
"RNA015858",83.51,-1.17879834359719,"Cohort1"
"RNA015859",84.87,-0.87403449069181,"Cohort1"
"RNA015860",91.03,0.506366490114912,"Cohort1"
"RNA015861",86.57,-0.493079674560084,"Cohort1"
"RNA015862",90.18,0.315889082049051,"Cohort1"
"RNA015863",86.89,-0.421370532699996,"Cohort1"
"RNA015864",51.07,-8.44831259966376,"Cohort1"
"RNA015865",91.94,0.710289362279541,"Cohort1"
"RNA015866",87.07,-0.381034140403694,"Cohort1"
"RNA015867",88.97,0.0447388893905855,"Cohort1"
"RNA015868",88.67,-0.0224884311032477,"Cohort1"
"RNA015869",87.11,-0.372070497671184,"Cohort1"
"RNA015970",89.26,0.10972529920129,"Cohort1"
"RNA015971",88.05,-0.161424893457172,"Cohort1"
"RNA015972",92.34,0.799925789604654,"Cohort1"
"RNA015973",91.59,0.631857488370069,"Cohort1"
"RNA015974",88.01,-0.170388536189681,"Cohort1"
"RNA022999",86.16,0.00711970396638764,"Run581"
"RNA023000",86.58,0.0692720159079114,"Run581"
"RNA023001",87.32,0.178778470281071,"Run581"
"RNA023002",84.3,-0.268126248917502,"Run581"
"RNA023003",86.88,0.113666524437571,"Run581"
"RNA023004",91.02,0.726310742146874,"Run581"
"RNA023005",88.23,0.31344181282104,"Run581"
"RNA023006",90.55,0.656759345450407,"Run581"
"RNA023007",86.36,0.0367160429861612,"Run581"
"RNA023008",86.13,0.00268025311342151,"Run581"
"RNA023009",88.3,0.32380053147796,"Run581"
"RNA023010",68.62,-2.58847922806771,"Run581"
"RNA023011",90.61,0.665638247156339,"Run581"
"RNA023012",88.52,0.35635650439971,"Run581"
"RNA023013",83.25,-0.42350702877131,"Run581"
"RNA023014",91.38,0.779584152382465,"Run581"
"RNA023015",87.96,0.273486755144347,"Run581"
"RNA023016",77.84,-1.22408799925617,"Run581"
"RNA023017",68.73,-2.57220124160684,"Run581"
"RNA023018",75.54,-1.56444589798356,"Run581"
"RNA023019",76.53,-1.41794401983569,"Run581"
"RNA023020",87.09,0.144742680408334,"Run581"
"RNA023021",80.17,-0.879290649675816,"Run581"
"RNA023022",81.95,-0.615883232399835,"Run581"
"RNA023023",88.34,0.329719799281915,"Run581"
"RNA023024",91.46,0.791422687990374,"Run581"
"RNA023025",83.98,-0.315480391349138,"Run581"
"RNA023026",88.91,0.414069365488268,"Run581"
"RNA023027",82.48,-0.537452933997436,"Run581"
"RNA023028",87.05,0.13882341260438,"Run581"
"RNA023029",84.57,-0.228171191240807,"Run581"
"RNA023030",87.3,0.175818836379094,"Run581"
"RNA023031",90.08,0.587207948753941,"Run581"
"RNA023032",77.88,-1.21816873145222,"Run581"
"RNA023033",91.69,0.825458477863114,"Run581"
"RNA023034",85.13,-0.145301441985444,"Run581"
"RNA023035",72.96,-1.94623867133864,"Run581"
"RNA023036",76.9,-1.36319079264911,"Run581"
"RNA023037",75.09,-1.63103766077805,"Run581"
"RNA023039",82.65,-0.512296045830629,"Run581"
"RNA023040",90.98,0.72039147434292,"Run581"
"RNA023041",86.02,-0.0135977333474536,"Run581"
"RNA023042",71.15,-2.21408553946758,"Run581"
"RNA023044",88.76,0.391872111223437,"Run581"
"RNA023045",88.78,0.394831745125416,"Run581"
"RNA023046",79.7,-0.948842046372283,"Run581"
"RNA023047",91.77,0.837297013471023,"Run581"
"RNA023048",90.81,0.695234586176113,"Run581"
"RNA023049",88.69,0.381513392566518,"Run581"
"RNA023050",85.6,-0.0757500452889774,"Run581"
"RNA023051",88.15,0.301603277213129,"Run581"
"RNA023052",84.75,-0.201534486123012,"Run581"
"RNA023053",89.01,0.428867534998156,"Run581"
"RNA023054",85.95,-0.0239564520043732,"Run581"
"RNA023055",81.63,-0.663237374831473,"Run581"
"RNA023056",84.11,-0.296242770986286,"Run581"
"RNA023057",81.71,-0.651398839223562,"Run581"
"RNA023058",87.55,0.212814260153811,"Run581"
"RNA023059",89.86,0.55465197583219,"Run581"
"RNA023060",93.09,1.03263285100152,"Run581"
"RNA023061",74.16,-1.76866063722,"Run581"
"RNA023062",81.29,-0.713551151165088,"Run581"
"RNA023063",83.06,-0.451623550840095,"Run581"
"RNA023064",84.65,-0.216332655632898,"Run581"
"RNA023065",81.13,-0.737228222380906,"Run581"
"RNA023066",86.74,0.0929490871237294,"Run581"
"RNA023067",87.06,0.140303229555367,"Run581"
"RNA023068",87.41,0.19209682283997,"Run581"
"RNA023069",87.64,0.226132612712709,"Run581"
"RNA023070",90.32,0.622723555577668,"Run581"
"RNA023071",91.2,0.752947447264671,"Run581"
"RNA023072",70.68,-2.28363693616405,"Run581"
"RNA023073",74.44,-1.72722576259232,"Run581"
"RNA023074",77.44,-1.28328067729572,"Run581"
"RNA023075",87.48,0.202455541496891,"Run581"
"RNA023076",71.44,-2.17117084788891,"Run581"
"RNA023077",81.46,-0.688394262998281,"Run581"
"RNA023078",78.64,-1.10570264317708,"Run581"
"RNA023079",93.02,1.0222741323446,"Run581"
"RNA023080",88.23,0.31344181282104,"Run581"
"RNA023081",87.11,0.14770231431031,"Run581"
"RNA023082",86.48,0.0544738463980257,"Run581"
"RNA023083",83.36,-0.407229042310435,"Run581"
"RNA023084",72.82,-1.96695610865248,"Run581"
"RNA023085",82.01,-0.607004330693903,"Run581"
"RNA023086",80.54,-0.824537422489235,"Run581"
"RNA023087",85.61,-0.074270228337988,"Run581"
"RNA023088",81.48,-0.685434629096304,"Run581"
"RNA023089",87.07,0.141783046506357,"Run581"
"RNA023091",91.23,0.757386898117637,"Run581"
"RNA023092",88.82,0.400751012929369,"Run581"
"RNA023093",85.88,-0.0343151706612949,"Run581"
"RNA023094",80.02,-0.901487903940647,"Run581"
"RNA023095",90.4,0.634562091185579,"Run581"
"RNA023096",88.41,0.340078517938835,"Run581"
"RNA023097",90.4,0.634562091185579,"Run581"
"RNA023098",90.87,0.704113487882043,"Run581"
"RNA023099",85.9,-0.031355536759316,"Run581"
"RNA023100",77,-1.34839262313922,"Run581"
"RNA023101",90.05,0.582768497900975,"Run581"
"RNA023102",86.93,0.121065609192513,"Run581"
"RNA023103",90.68,0.675996965813261,"Run581"
"RNA023104",86.29,0.0263573243292416,"Run581"
"RNA023105",87.26,0.169899568575141,"Run581"
"RNA023106",79.92,-0.916286073450532,"Run581"
"RNA023107",87.43,0.195056456741946,"Run581"
"RNA023108",87.78,0.24685005002655,"Run581"
"RNA023109",84.92,-0.176377597956205,"Run581"
"RNA023110",78.71,-1.09534392452016,"Run581"
"RNA023111",78.79,-1.08350538891225,"Run581"
"RNA023112",87.63,0.22465279576172,"Run581"
"RNA023113",85.56,-0.0816693130929308,"Run581"
"RNA023114",85.59,-0.0772298622399647,"Run581"
"RNA023115",88.81,0.399271195978382,"Run581"
"RNA023116",43.89,-6.24806654786266,"Run581"
"RNA023117",88.15,0.301603277213129,"Run581"
"RNA023118",84,-0.312520757447161,"Run581"
"RNA023119",89.61,0.517656552057474,"Run581"
"RNA023120",88.85,0.405190463782335,"Run581"
"RNA023121",83.53,-0.382072154143628,"Run581"
"RNA023122",28.91,-8.46483234044366,"Run581"
"RNA023123",87.98,0.276446389046324,"Run581"
"RNA023124",80.84,-0.780142913959576,"Run581"
"RNA023125",68.56,-2.59735812977364,"Run581"
"RNA023126",75.66,-1.5466880945717,"Run581"
"RNA023127",80.7,-0.800860351273417,"Run581"
"RNA023128",76.2,-1.46677797921831,"Run581"
"RNA023129",87.09,0.144742680408334,"Run581"
"RNA023130",85.32,-0.11718491991666,"Run581"
"RNA023131",88.47,0.348957419644767,"Run581"
"RNA023132",88.93,0.417028999390244,"Run581"
"RNA023133",92.57,0.955682369550115,"Run581"
"RNA023134",85.01,-0.163059245397309,"Run581"
"RNA023135",66.08,-2.96435273361883,"Run581"
"RNA023136",80.7,-0.800860351273417,"Run581"
"RNA023137",81.03,-0.752026391890792,"Run581"
"RNA023138",90.69,0.677476782764248,"Run581"
"RNA023139",87.88,0.261648219536436,"Run581"
"RNA023140",85.89,-0.0328353537103055,"Run581"
"RNA023141",90.48,0.646400626793488,"Run581"
"RNA023142",83.27,-0.420547394869334,"Run581"
"RNA023143",89.43,0.491019846939677,"Run581"
"RNA023145",84.29,-0.269606065868492,"Run581"
"RNA023146",86.42,0.0455949446920934,"Run581"
"RNA023147",91.94,0.86245390163783,"Run581"
"RNA023148",81.79,-0.639560303615655,"Run581"
"RNA023149",79.4,-0.993236554901942,"Run581"
"RNA023150",86.76,0.0959087210257082,"Run581"
"RNA023151",88.69,0.381513392566518,"Run581"
"RNA023152",85.71,-0.0594720588281023,"Run581"
"RNA023153",93.27,1.05926955611932,"Run581"
"RNA023154",93.04,1.02523376624658,"Run581"
"RNA023155",86.83,0.106267439682628,"Run581"
"RNA023156",89.18,0.454024423164963,"Run581"
"RNA023157",87.77,0.245370233075563,"Run581"
"RNA023158",89.15,0.449584972311995,"Run581"
"RNA023159",91.74,0.832857562618057,"Run581"
"RNA023160",87.22,0.163980300771185,"Run581"
"RNA023161",88.64,0.374114307811575,"Run581"
"RNA023162",88.07,0.289764741605222,"Run581"
"RNA023163",91.53,0.801781406647296,"Run581"
"RNA023164",85.9,-0.031355536759316,"Run581"
"RNA023165",89.06,0.436266619753096,"Run581"
"RNA023166",89.8,0.545773074126258,"Run581"
"RNA023167",79.1,-1.0376310634316,"Run581"
"RNA023168",83.7,-0.356915265976821,"Run581"
"RNA023169",89.8,0.545773074126258,"Run581"
"RNA023170",78.79,-1.08350538891225,"Run581"
"RNA023171",79.77,-0.938483327715363,"Run581"
"RNA023172",82.3,-0.564089639115233,"Run581"
"RNA023173",80.52,-0.827497056391214,"Run581"
"RNA023174",87.49,0.203935358447878,"Run581"
"RNA023175",74.41,-1.73166521344528,"Run581"
"RNA023176",86.18,0.0100793378683665,"Run581"
"RNA023177",85.45,-0.0979472995538059,"Run581"
"RNA023178",84.89,-0.180817048809171,"Run581"
"RNA023179",87.87,0.260168402585449,"Run581"
"RNA023180",90.05,0.582768497900975,"Run581"
"RNA023181",81.7,-0.652878656174554,"Run581"
"RNA023182",78.4,-1.14121825000081,"Run581"
"RNA023183",80.59,-0.817138337734294,"Run581"
"RNA023184",92.96,1.01339523063867,"Run581"
"RNA023185",85.85,-0.0387546215142589,"Run581"
"RNA023186",89.76,0.539853806322303,"Run581"
"RNA023187",79.74,-0.942922778568329,"Run581"
"RNA023188",85.75,-0.0535527910241467,"Run581"
"RNA023190",90.76,0.687835501421168,"Run581"
"RNA022807",87.51,0.206894992349857,"Run582"
"RNA022808",77.65,-1.25220452132496,"Run582"
"RNA022809",87.62,0.223172978810732,"Run582"
"RNA022810",89.47,0.496939114743633,"Run582"
"RNA022811",84.92,-0.176377597956205,"Run582"
"RNA022812",88.57,0.363755589154655,"Run582"
"RNA022813",83.37,-0.405749225359446,"Run582"
"RNA022814",84.05,-0.305121672692218,"Run582"
"RNA022815",82.96,-0.466421720349982,"Run582"
"RNA022816",87.59,0.218733527957766,"Run582"
"RNA022817",92.12,0.889090606755627,"Run582"
"RNA022818",88.13,0.298643643311153,"Run582"
"RNA022819",83.87,-0.331758377810013,"Run582"
"RNA022820",80.4,-0.845254859803076,"Run582"
"RNA022821",84.51,-0.237050092946741,"Run582"
"RNA022822",93,1.01931449844263,"Run582"
"RNA022823",90.12,0.593127216557896,"Run582"
"RNA022824",91.16,0.747028179460715,"Run582"
"RNA022825",90.25,0.612364836920748,"Run582"
"RNA022826",89.75,0.538373989371315,"Run582"
"RNA022827",90.7,0.678956599715238,"Run582"
"RNA022828",90.15,0.59756666741086,"Run582"
"RNA022829",92.43,0.934964932236276,"Run582"
"RNA022830",92.78,0.986758525520878,"Run582"
"RNA022831",91.04,0.729270376048851,"Run582"
"RNA022832",91.95,0.86393371858882,"Run582"
"RNA022833",91.66,0.821019027010148,"Run582"
"RNA022834",90.49,0.647880443744477,"Run582"
"RNA022835",90.56,0.658239162401397,"Run582"
"RNA022836",87.99,0.277926205997311,"Run582"
"RNA022837",92.78,0.986758525520878,"Run582"
"RNA022838",85.28,-0.123104187720613,"Run582"
"RNA022839",88.23,0.31344181282104,"Run582"
"RNA022840",80.87,-0.77570346310661,"Run582"
"RNA022841",55.67,-4.50484217959802,"Run582"
"RNA022842",91.63,0.816579576157182,"Run582"
"RNA022843",87.11,0.14770231431031,"Run582"
"RNA022844",86.09,-0.00323901469053193,"Run582"
"RNA022845",85.63,-0.0713105944360112,"Run582"
"RNA022846",83.17,-0.435345564379219,"Run582"
"RNA022847",81.99,-0.609963964595882,"Run582"
"RNA022848",91.05,0.73075019299984,"Run582"
"RNA022849",85.78,-0.0491133401711806,"Run582"
"RNA022850",86.67,0.0825903684668098,"Run582"
"RNA022851",85.58,-0.0787096791909541,"Run582"
"RNA022852",90.67,0.674517148862272,"Run582"
"RNA022853",91.19,0.751467630313681,"Run582"
"RNA022854",88.26,0.317881263674006,"Run582"
"RNA022855",90.73,0.683396050568204,"Run582"
"RNA022856",92.75,0.982319074667912,"Run582"
"RNA022857",86.23,0.0174784226233072,"Run582"
"RNA022858",89.01,0.428867534998156,"Run582"
"RNA022859",93.81,1.13917967147271,"Run582"
"RNA022860",85.68,-0.0639115096810663,"Run582"
"RNA022861",86.3,0.0278371412802289,"Run582"
"RNA022862",88.04,0.285325290752254,"Run582"
"RNA022863",88.2,0.309002361968074,"Run582"
"RNA022864",87.86,0.258688585634459,"Run582"
"RNA022865",89.24,0.462903324870893,"Run582"
"RNA022866",94.21,1.19837234951226,"Run582"
"RNA022867",85.73,-0.0565124249261255,"Run582"
"RNA022868",81.61,-0.66619700873345,"Run582"
"RNA022869",91.42,0.785503420186421,"Run582"
"RNA022870",85.13,-0.145301441985444,"Run582"
"RNA022871",88.49,0.351917053546746,"Run582"
"RNA022872",84.26,-0.274045516721456,"Run582"
"RNA022873",92.33,0.920166762726388,"Run582"
"RNA022874",88.52,0.35635650439971,"Run582"
"RNA022875",72.04,-2.08238183082959,"Run582"
"RNA022876",84.23,-0.278484967574422,"Run582"
"RNA022877",67.27,-2.78825451645118,"Run582"
"RNA022878",66.27,-2.93623621155005,"Run582"
"RNA022879",91.94,0.86245390163783,"Run582"
"RNA022880",93.13,1.03855211880548,"Run582"
"RNA022881",85.88,-0.0343151706612949,"Run582"
"RNA022882",82.24,-0.572968540821163,"Run582"
"RNA022883",91.26,0.761826348970601,"Run582"
"RNA022884",90.48,0.646400626793488,"Run582"
"RNA022885",89.01,0.428867534998156,"Run582"
"RNA022886",87.83,0.254249134781493,"Run582"
"RNA022887",87.23,0.165460117722173,"Run582"
"RNA022888",91.05,0.73075019299984,"Run582"
"RNA022889",88.7,0.382993209517507,"Run582"
"RNA022890",90.57,0.659718979352384,"Run582"
"RNA022891",92.55,0.952722735648138,"Run582"
"RNA022892",94.08,1.1791347291494,"Run582"
"RNA022893",93.33,1.06814845782525,"Run582"
"RNA022894",82.52,-0.531533666193481,"Run582"
"RNA022895",84.57,-0.228171191240807,"Run582"
"RNA022896",91.16,0.747028179460715,"Run582"
"RNA022897",92.21,0.902408959314526,"Run582"
"RNA022898",90.18,0.602006118263828,"Run582"
"RNA022899",86.11,-0.000279380788555213,"Run582"
"RNA022900",77.22,-1.31583665021747,"Run582"
"RNA022901",86.44,0.0485545785940701,"Run582"
"RNA022902",94.3,1.21169070207115,"Run582"
"RNA022903",91.34,0.773664884578512,"Run582"
"RNA022904",79.47,-0.982877836245022,"Run582"
"RNA022905",76.91,-1.36171097569812,"Run582"
"RNA022906",91.46,0.791422687990374,"Run582"
"RNA022907",91.13,0.742588728607749,"Run582"
"RNA022908",86.7,0.0870298193197759,"Run582"
"RNA022909",91.93,0.860974084686843,"Run582"
"RNA022910",92.53,0.949763101746162,"Run582"
"RNA022911",90.05,0.582768497900975,"Run582"
"RNA022912",90.37,0.63012264033261,"Run582"
"RNA022913",91.16,0.747028179460715,"Run582"
"RNA022914",88.6,0.368195040007619,"Run582"
"RNA022915",74.12,-1.77457990502395,"Run582"
"RNA022916",78.97,-1.05686868379445,"Run582"
"RNA022917",86.18,0.0100793378683665,"Run582"
"RNA022918",91.91,0.858014450784864,"Run582"
"RNA022919",85.6,-0.0757500452889774,"Run582"
"RNA022920",90.4,0.634562091185579,"Run582"
"RNA022921",93.07,1.02967321709955,"Run582"
"RNA022922",88.09,0.292724375507199,"Run582"
"RNA022923",87.58,0.217253711006777,"Run582"
"RNA022924",84.95,-0.171938147103239,"Run582"
"RNA022925",86.69,0.0855500023687865,"Run582"
"RNA022926",81.71,-0.651398839223562,"Run582"
"RNA022927",81.53,-0.678035544341359,"Run582"
"RNA022928",72.09,-2.07498274607465,"Run582"
"RNA022929",90.26,0.613844653871735,"Run582"
"RNA022930",88.33,0.328239982330926,"Run582"
"RNA022931",89.43,0.491019846939677,"Run582"
"RNA022932",88.85,0.405190463782335,"Run582"
"RNA022933",83.13,-0.441264832183173,"Run582"
"RNA022934",78.94,-1.06130813464742,"Run582"
"RNA022935",85.77,-0.05059315712217,"Run582"
"RNA022936",85.24,-0.129023455524567,"Run582"
"RNA022937",87.81,0.251289500879517,"Run582"
"RNA022938",87.56,0.2142940771048,"Run582"
"RNA022939",85.63,-0.0713105944360112,"Run582"
"RNA022940",87.98,0.276446389046324,"Run582"
"RNA022941",91.1,0.738149277754785,"Run582"
"RNA022942",90.6,0.664158430205352,"Run582"
"RNA022943",85.95,-0.0239564520043732,"Run582"
"RNA022944",85.87,-0.0357949876122822,"Run582"
"RNA022945",92.64,0.966041088207037,"Run582"
"RNA022946",86.18,0.0100793378683665,"Run582"
"RNA022947",89.89,0.559091426685157,"Run582"
"RNA022948",85.24,-0.129023455524567,"Run582"
"RNA022949",91.08,0.735189643852808,"Run582"
"RNA022950",67.37,-2.7734563469413,"Run582"
"RNA022951",84.76,-0.200054669172023,"Run582"
"RNA022952",82.88,-0.478260255957891,"Run582"
"RNA022953",88.35,0.331199616232903,"Run582"
"RNA022954",88.37,0.334159250134882,"Run582"
"RNA022955",88.34,0.329719799281915,"Run582"
"RNA022956",89.19,0.45550424011595,"Run582"
"RNA022957",82.76,-0.496018059369754,"Run582"
"RNA022958",89.42,0.48954002998869,"Run582"
"RNA022959",91.37,0.778104335431476,"Run582"
"RNA022960",91.04,0.729270376048851,"Run582"
"RNA022961",90.96,0.717431840440942,"Run582"
"RNA022962",69.47,-2.46269478723368,"Run582"
"RNA022963",84.32,-0.265166615015525,"Run582"
"RNA022964",72.14,-2.06758366131971,"Run582"
"RNA022965",86.22,0.0159986056723199,"Run582"
"RNA022966",81.32,-0.70911170031212,"Run582"
"RNA022968",91.68,0.823978660912125,"Run582"
"RNA022969",85.62,-0.0727904113870007,"Run582"
"RNA022970",89.88,0.557611609734169,"Run582"
"RNA022971",89.67,0.526535453763406,"Run582"
"RNA022972",89.51,0.502858382547588,"Run582"
"RNA022973",90.52,0.652319894597441,"Run582"
"RNA022974",84.5,-0.238529909897729,"Run582"
"RNA022975",90.74,0.684875867519191,"Run582"
"RNA022976",92.6,0.960121820403083,"Run582"
"RNA022977",91.27,0.76330616592159,"Run582"
"RNA022978",89.58,0.513217101204508,"Run582"
"RNA022979",86.89,0.11514634138856,"Run582"
"RNA022980",87.89,0.263128036487426,"Run582"
"RNA022981",89.87,0.55613179278318,"Run582"
"RNA022982",88.52,0.35635650439971,"Run582"
"RNA022983",86.99,0.129944510898446,"Run582"
"RNA022984",90.78,0.690795135323147,"Run582"
"RNA022985",91.71,0.828418111765093,"Run582"
"RNA022986",89.17,0.452544606213974,"Run582"
"RNA022987",89.08,0.439226253655075,"Run582"
"RNA022988",88.24,0.314921629772028,"Run582"
"RNA022989",87.16,0.155101399065255,"Run582"
"RNA022990",67.44,-2.76309762828437,"Run582"
"RNA022991",85.67,-0.0653913266320557,"Run582"
"RNA022992",83.98,-0.315480391349138,"Run582"
"RNA022993",90,0.575369413146032,"Run582"
"RNA022994",90.09,0.58868776570493,"Run582"
"RNA022995",92.48,0.942364016991217,"Run582"
"RNA022996",91.52,0.800301589696307,"Run582"
"RNA022997",86.16,0.00711970396638764,"Run582"
"RNA022998",85.13,-0.145301441985444,"Run582"
"RNA023191",92.2,0.900929142363536,"Run588"
"RNA023192",93,1.01931449844263,"Run588"
"RNA023193",87.04,0.137343595653389,"Run588"
"RNA023194",89.18,0.454024423164963,"Run588"
"RNA023195",80.8,-0.786062181763529,"Run588"
"RNA023196",83,-0.460502452546027,"Run588"
"RNA023198",90.55,0.656759345450407,"Run588"
"RNA023199",87.37,0.186177555036016,"Run588"
"RNA023200",91.56,0.806220857500262,"Run588"
"RNA023201",87.12,0.1491821312613,"Run588"
"RNA023202",86.6,0.0722316498098881,"Run588"
"RNA023203",89.54,0.507297833400552,"Run588"
"RNA023204",86.85,0.109227073584607,"Run588"
"RNA023205",82.37,-0.553730920458311,"Run588"
"RNA023206",81.13,-0.737228222380906,"Run588"
"RNA023207",84.12,-0.294762954035299,"Run588"
"RNA023208",83.65,-0.364314350731763,"Run588"
"RNA023209",86.45,0.0500343955450596,"Run588"
"RNA023210",82.9,-0.475300622055915,"Run588"
"RNA023211",86.93,0.121065609192513,"Run588"
"RNA023212",90.23,0.609405203018771,"Run588"
"RNA023213",79.37,-0.99767600575491,"Run588"
"RNA023214",83.25,-0.42350702877131,"Run588"
"RNA023215",84.57,-0.228171191240807,"Run588"
"RNA023216",87.69,0.233531697467652,"Run588"
"RNA023217",87.98,0.276446389046324,"Run588"
"RNA023218",84.62,-0.220772106485866,"Run588"
"RNA023219",89.8,0.545773074126258,"Run588"
"RNA023220",89.35,0.479181311331768,"Run588"
"RNA023221",86.27,0.0233976904272628,"Run588"
"RNA023222",86.93,0.121065609192513,"Run588"
"RNA023223",86.88,0.113666524437571,"Run588"
"RNA023224",90.94,0.714472206538965,"Run588"
"RNA023225",86.99,0.129944510898446,"Run588"
"RNA023226",87.17,0.156581216016243,"Run588"
"RNA023227",74.07,-1.78197898977889,"Run588"
"RNA023228",82.48,-0.537452933997436,"Run588"
"RNA023229",90.04,0.581288680949985,"Run588"
"RNA023230",74.81,-1.67247253540573,"Run588"
"RNA023231",87.37,0.186177555036016,"Run588"
"RNA023232",78.27,-1.16045587036366,"Run588"
"RNA023233",90.85,0.701153853980066,"Run588"
"RNA023234",82.79,-0.49157860851679,"Run588"
"RNA023235",83.38,-0.404269408408459,"Run588"
"RNA023236",83.94,-0.321399659153094,"Run588"
"RNA023237",74.37,-1.73758448124924,"Run588"
"RNA023238",75.58,-1.55852663017961,"Run588"
"RNA023239",91.75,0.834337379569046,"Run588"
"RNA023240",90.7,0.678956599715238,"Run588"
"RNA023241",92.72,0.977879623814946,"Run588"
"RNA023242",91.95,0.86393371858882,"Run588"
"RNA023243",88.58,0.365235406105642,"Run588"
"RNA023244",83.43,-0.396870323653514,"Run588"
"RNA023245",82.01,-0.607004330693903,"Run588"
"RNA023246",83.36,-0.407229042310435,"Run588"
"RNA023247",87.94,0.270527121242368,"Run588"
"RNA023248",88.65,0.375594124762562,"Run588"
"RNA023249",85.61,-0.074270228337988,"Run588"
"RNA023250",75.81,-1.52449084030687,"Run588"
"RNA023252",84.93,-0.174897781005215,"Run588"
"RNA023253",89.24,0.462903324870893,"Run588"
"RNA023254",86.3,0.0278371412802289,"Run588"
"RNA023255",74.26,-1.75386246771011,"Run588"
"RNA023256",92.54,0.951242918697151,"Run588"
"RNA023257",87.74,0.240930782222595,"Run588"
"RNA023258",89.39,0.485100579135724,"Run588"
"RNA023259",90.71,0.680436416666227,"Run588"
"RNA023260",89.51,0.502858382547588,"Run588"
"RNA023261",87.51,0.206894992349857,"Run588"
"RNA023262",84.64,-0.217812472583887,"Run588"
"RNA023263",64.63,-3.17892619151219,"Run588"
"RNA023264",89.45,0.493979480841656,"Run588"
"RNA023265",89.53,0.505818016449565,"Run588"
"RNA023266",87.91,0.266087670389402,"Run588"
"RNA023267",79.94,-0.913326439548556,"Run588"
"RNA023268",69.19,-2.50412966186136,"Run588"
"RNA023269",86.62,0.0751912837118648,"Run588"
"RNA023270",84.78,-0.197095035270046,"Run588"
"RNA023271",88.96,0.421468450243211,"Run588"
"RNA023272",85.68,-0.0639115096810663,"Run588"
"RNA023273",77.76,-1.23592653486408,"Run588"
"RNA023274",87.67,0.230572063565675,"Run588"
"RNA023275",90.7,0.678956599715238,"Run588"
"RNA023276",90.23,0.609405203018771,"Run588"
"RNA023277",84.72,-0.205973936975978,"Run588"
"RNA023278",85.07,-0.154180343691374,"Run588"
"RNA023279",88.86,0.406670280733325,"Run588"
"RNA023280",89.02,0.430347351949143,"Run588"
"RNA023281",91.46,0.791422687990374,"Run588"
"RNA023282",90.59,0.662678613254363,"Run588"
"RNA023283",60.7,-3.76049425325073,"Run588"
"RNA023284",88.17,0.304562911115108,"Run588"
"RNA023285",86.62,0.0751912837118648,"Run588"
"RNA023286",86.9,0.116626158339549,"Run588"
"RNA023287",88.11,0.295684009409176,"Run588"
"RNA023288",90.33,0.624203372528657,"Run588"
"RNA023289",89.21,0.458463874017927,"Run588"
"RNA023290",90.42,0.637521725087555,"Run588"
"RNA023291",91.13,0.742588728607749,"Run588"
"RNA023292",84.13,-0.293283137084307,"Run588"
"RNA023293",89.96,0.569450145342076,"Run588"
"RNA023294",75.09,-1.63103766077805,"Run588"
"RNA023295",87.71,0.236491331369629,"Run588"
"RNA023296",92.07,0.881691522000682,"Run588"
"RNA023297",86.94,0.122545426143503,"Run588"
"RNA023298",86.81,0.103307805780651,"Run588"
"RNA023299",87.34,0.181738104183048,"Run588"
"RNA023300",92.09,0.884651155902661,"Run588"
"RNA023301",92.21,0.902408959314526,"Run588"
"RNA023302",90.05,0.582768497900975,"Run588"
"RNA023303",90.22,0.607925386067782,"Run588"
"RNA023304",91.34,0.773664884578512,"Run588"
"RNA023305",85.03,-0.16009961149533,"Run588"
"RNA023306",89.33,0.476221677429791,"Run588"
"RNA023307",82.82,-0.487139157663821,"Run588"
"RNA023308",91.95,0.86393371858882,"Run588"
"RNA023309",91.65,0.819539210059158,"Run588"
"RNA023310",91.06,0.732230009950829,"Run588"
"RNA023311",90.21,0.606445569116795,"Run588"
"RNA023312",86.96,0.125505060045482,"Run588"
"RNA023313",93.44,1.08442644428613,"Run588"
"RNA023314",92,0.871332803343763,"Run588"
"RNA023315",92.29,0.914247494922435,"Run588"
"RNA023316",93.63,1.11254296635491,"Run588"
"RNA023317",78.8,-1.08202557196126,"Run588"
"RNA023318",84.99,-0.166018879299285,"Run588"
"RNA023319",90.77,0.689315318372158,"Run588"
"RNA023320",93.69,1.12142186806084,"Run588"
"RNA023321",83.08,-0.448663916938118,"Run588"
"RNA023322",90,0.575369413146032,"Run588"
"RNA023323",70.04,-2.37834522102732,"Run588"
"RNA023324",75.07,-1.63399729468003,"Run588"
"RNA023325",92.13,0.890570423706614,"Run588"
"RNA023326",92.5,0.945323650893195,"Run588"
"RNA023327",90.97,0.718911657391931,"Run588"
"RNA023328",91.13,0.742588728607749,"Run588"
"RNA023329",89.8,0.545773074126258,"Run588"
"RNA023330",91.38,0.779584152382465,"Run588"
"RNA023331",93.55,1.100704430747,"Run588"
"RNA023332",82.48,-0.537452933997436,"Run588"
"RNA023333",87.71,0.236491331369629,"Run588"
"RNA023334",89.22,0.459943690968916,"Run588"
"RNA023335",92.74,0.980839257716922,"Run588"
"RNA023336",93.07,1.02967321709955,"Run588"
"RNA023337",90.14,0.596086850459873,"Run588"
"RNA023338",87,0.131424327849435,"Run588"
"RNA023339",89.32,0.474741860478802,"Run588"
"RNA023340",85.63,-0.0713105944360112,"Run588"
"RNA023341",73.46,-1.8722478237892,"Run588"
"RNA023342",82.82,-0.487139157663821,"Run588"
"RNA023343",89.37,0.482140945233747,"Run588"
"RNA023344",88.72,0.385952843419484,"Run588"
"RNA023345",84.87,-0.183776682711148,"Run588"
"RNA023346",88.5,0.353396870497733,"Run588"
"RNA023347",84.03,-0.308081306594195,"Run588"
"RNA023348",83.73,-0.352475815123854,"Run588"
"RNA023349",90.64,0.670077698009306,"Run588"
"RNA023350",86.82,0.104787622731638,"Run588"
"RNA023351",87.44,0.196536273692936,"Run588"
"RNA023352",91.42,0.785503420186421,"Run588"
"RNA023353",92.54,0.951242918697151,"Run588"
"RNA023354",85.55,-0.0831491300439202,"Run588"
"RNA023355",89.22,0.459943690968916,"Run588"
"RNA023356",89.39,0.485100579135724,"Run588"
"RNA023357",82.71,-0.503417144124699,"Run588"
"RNA023358",91.48,0.794382321892351,"Run588"
"RNA023359",83.31,-0.414628127065378,"Run588"
"RNA023360",89.03,0.431827168900132,"Run588"
"RNA023361",89.05,0.434786802802109,"Run588"
"RNA023362",89.05,0.434786802802109,"Run588"
"RNA023363",90.6,0.664158430205352,"Run588"
"RNA023364",91.77,0.837297013471023,"Run588"
"RNA023365",91.27,0.76330616592159,"Run588"
"RNA023366",86.43,0.0470747616430807,"Run588"
"RNA023367",91.55,0.804741040549273,"Run588"
"RNA023368",90.72,0.681916233617215,"Run588"
"RNA023369",92.64,0.966041088207037,"Run588"
"RNA023370",90.98,0.72039147434292,"Run588"
"RNA023371",86.83,0.106267439682628,"Run588"
"RNA023372",91.77,0.837297013471023,"Run588"
"RNA023373",93.15,1.04151175270746,"Run588"
"RNA023374",76.19,-1.4682577961693,"Run588"
"RNA023375",91.71,0.828418111765093,"Run588"
"RNA023376",88.5,0.353396870497733,"Run588"
"RNA023377",91.67,0.822498843961137,"Run588"
"RNA023378",93.68,1.11994205110986,"Run588"
"RNA023379",94.28,1.20873106816918,"Run588"
"RNA023380",93.12,1.03707230185449,"Run588"
"RNA023381",92.18,0.897969508461557,"Run588"
"RNA023382",89.57,0.511737284253521,"Run588"
"RNA023383",85.91,-0.0298757198083287,"Run590"
"RNA023384",81.02,-0.753506208841779,"Run590"
"RNA023385",90.59,0.662678613254363,"Run590"
"RNA023386",87.99,0.277926205997311,"Run590"
"RNA023387",84.05,-0.305121672692218,"Run590"
"RNA023388",88.74,0.38891247732146,"Run590"
"RNA023389",61.9,-3.58291621913209,"Run590"
"RNA023390",88.69,0.381513392566518,"Run590"
"RNA023391",88.88,0.409629914635304,"Run590"
"RNA023392",91.28,0.76478598287258,"Run590"
"RNA023393",91.58,0.809180491402239,"Run590"
"RNA023394",92.26,0.909808044069466,"Run590"
"RNA023395",89.83,0.550212524979224,"Run590"
"RNA023396",84.38,-0.256287713309593,"Run590"
"RNA023397",90.18,0.602006118263828,"Run590"
"RNA023398",87.28,0.172859202477118,"Run590"
"RNA023399",88.34,0.329719799281915,"Run590"
"RNA023400",80.12,-0.886689734430759,"Run590"
"RNA023401",91.13,0.742588728607749,"Run590"
"RNA023402",84.77,-0.198574852221035,"Run590"
"RNA023403",85.78,-0.0491133401711806,"Run590"
"RNA023404",90.54,0.655279528499418,"Run590"
"RNA023405",90.35,0.627163006430634,"Run590"
"RNA023406",90.94,0.714472206538965,"Run590"
"RNA023407",93.7,1.12290168501183,"Run590"
"RNA023408",93.56,1.10218424769799,"Run590"
"RNA023409",92.02,0.874292437245739,"Run590"
"RNA023410",92.71,0.976399806863958,"Run590"
"RNA023411",92.16,0.895009874559581,"Run590"
"RNA023412",92.62,0.96308145430506,"Run590"
"RNA023413",88.58,0.365235406105642,"Run590"
"RNA023414",92.89,1.00303651198175,"Run590"
"RNA023415",93.52,1.09626497989404,"Run590"
"RNA023416",90.89,0.707073121784022,"Run590"
"RNA023417",90.47,0.644920809842498,"Run590"
"RNA023418",91.27,0.76330616592159,"Run590"
"RNA023419",85.22,-0.131983089426546,"Run590"
"RNA023420",85.06,-0.155660160642364,"Run590"
"RNA023421",82.16,-0.584807076429074,"Run590"
"RNA023422",91.68,0.823978660912125,"Run590"
"RNA023423",92.17,0.89648969151057,"Run590"
"RNA023424",88.2,0.309002361968074,"Run590"
"RNA023425",91.74,0.832857562618057,"Run590"
"RNA023426",92.92,1.00747596283472,"Run590"
"RNA023427",85.33,-0.11570510296567,"Run590"
"RNA023428",87.28,0.172859202477118,"Run590"
"RNA023429",91.08,0.735189643852808,"Run590"
"RNA023430",92.87,1.00007687807977,"Run590"
"RNA023431",94.26,1.2057714342672,"Run590"
"RNA023432",90.85,0.701153853980066,"Run590"
"RNA023433",90.11,0.591647399606907,"Run590"
"RNA023434",92.04,0.877252071147718,"Run590"
"RNA023435",89.53,0.505818016449565,"Run590"
"RNA023436",90.93,0.712992389587978,"Run590"
"RNA023437",92.89,1.00303651198175,"Run590"
"RNA023438",90.82,0.696714403127102,"Run590"
"RNA023439",92.67,0.970480539060003,"Run590"
"RNA023440",90.84,0.699674037029079,"Run590"
"RNA023441",89.96,0.569450145342076,"Run590"
"RNA023442",92.9,1.00451632893274,"Run590"
"RNA023443",92.71,0.976399806863958,"Run590"
"RNA023444",93.49,1.09182552904107,"Run590"
"RNA023445",91.99,0.869852986392775,"Run590"
"RNA023446",94.84,1.29160081742454,"Run590"
"RNA023447",69.58,-2.4464168007728,"Run590"
"RNA023448",91.43,0.78698323713741,"Run590"
"RNA023449",89.79,0.544293257175271,"Run590"
"RNA023450",89.75,0.538373989371315,"Run590"
"RNA023451",93.09,1.03263285100152,"Run590"
"RNA023452",84.25,-0.275525333672445,"Run590"
"RNA023453",91.09,0.736669460803796,"Run590"
"RNA023454",94.63,1.26052466145378,"Run590"
"RNA023455",92.05,0.878731888098706,"Run590"
"RNA023456",93.92,1.15545765793358,"Run590"
"RNA023457",94.94,1.30639898693443,"Run590"
"RNA023458",91.86,0.850615366029921,"Run590"
"RNA023459",79.86,-0.925164975156465,"Run590"
"RNA023460",71.18,-2.20964608861462,"Run590"
"RNA023461",75.42,-1.58220370139543,"Run590"
"RNA023462",89.25,0.464383141821883,"Run590"
"RNA023463",91.5,0.79734195579433,"Run590"
"RNA023464",91.08,0.735189643852808,"Run590"
"RNA023465",94.03,1.17173564439446,"Run590"
"RNA023466",91.16,0.747028179460715,"Run590"
"RNA023467",89.93,0.56501069448911,"Run590"
"RNA023468",88.41,0.340078517938835,"Run590"
"RNA023469",86.02,-0.0135977333474536,"Run590"
"RNA023470",90.43,0.639001542038543,"Run590"
"RNA023471",91.36,0.776624518480489,"Run590"
"RNA023472",92.49,0.943843833942208,"Run590"
"RNA023473",89.07,0.437746436704088,"Run590"
"RNA023474",93.08,1.03115303405054,"Run590"
"RNA023475",91.19,0.751467630313681,"Run590"
"RNA023476",79.51,-0.976958568441067,"Run590"
"RNA023477",93.67,1.11846223415887,"Run590"
"RNA023478",88.16,0.303083094164121,"Run590"
"RNA023479",88,0.279406022948301,"Run590"
"RNA023480",76.71,-1.39130731471789,"Run590"
"RNA023481",85.8,-0.0461537062692038,"Run590"
"RNA023482",72.8,-1.96991574255446,"Run590"
"RNA023483",79.02,-1.04946959903951,"Run590"
"RNA023484",91.53,0.801781406647296,"Run590"
"RNA023485",87.55,0.212814260153811,"Run590"
"RNA023486",89.04,0.43330698585112,"Run590"
"RNA023487",68.4,-2.62103520098946,"Run590"
"RNA023488",86.05,-0.00915828249448538,"Run590"
"RNA023489",82.7,-0.504896961075688,"Run590"
"RNA023490",77.95,-1.2078100127953,"Run590"
"RNA023491",84.46,-0.244449177701682,"Run590"
"RNA023492",87.35,0.183217921134039,"Run590"
"RNA023493",79.03,-1.04798978208852,"Run590"
"RNA023494",89.48,0.498418931694622,"Run590"
"RNA023495",81.28,-0.715030968116075,"Run590"
"RNA023496",84.23,-0.278484967574422,"Run590"
"RNA023497",84.36,-0.25924734721157,"Run590"
"RNA023498",35.41,-7.50295132230104,"Run590"
"RNA023499",71.38,-2.18004974959484,"Run590"
"RNA023500",82.24,-0.572968540821163,"Run590"
"RNA023501",85.92,-0.0283959028573393,"Run590"
"RNA023502",75.89,-1.51265230469896,"Run590"
"RNA023503",80.86,-0.777183280057599,"Run590"
"RNA023504",89.99,0.573889596195044,"Run590"
"RNA023505",91.78,0.838776830422012,"Run590"
"RNA023506",86.82,0.104787622731638,"Run590"
"RNA023507",85.31,-0.118664736867647,"Run590"
"RNA023508",75.99,-1.49785413518907,"Run590"
"RNA023509",65.85,-2.99838852349157,"Run590"
"RNA023510",82.9,-0.475300622055915,"Run590"
"RNA023511",83.87,-0.331758377810013,"Run590"
"RNA023512",68.99,-2.53372600088113,"Run590"
"RNA023513",80.09,-0.891129185283727,"Run590"
"RNA023514",83.42,-0.398350140604503,"Run590"
"RNA023515",88.54,0.359316138301687,"Run590"
"RNA023516",86.72,0.0899894532217527,"Run590"
"RNA023517",85.68,-0.0639115096810663,"Run590"
"RNA023518",85.47,-0.0949876656518292,"Run590"
"RNA023519",86.24,0.0189582395742987,"Run590"
"RNA023520",82.63,-0.515255679732606,"Run590"
"RNA023521",89.28,0.468822592674849,"Run590"
"RNA023522",89.3,0.471782226576825,"Run590"
"RNA023523",84.78,-0.197095035270046,"Run590"
"RNA023524",88.44,0.344517968791801,"Run590"
"RNA023525",90.13,0.594607033508883,"Run590"
"RNA023526",92.7,0.974919989912969,"Run590"
"RNA023527",74.89,-1.66063399979783,"Run590"
"RNA023528",76.45,-1.4297825554436,"Run590"
"RNA023529",79.14,-1.03171179562765,"Run590"
"RNA023530",79.13,-1.03319161257864,"Run590"
"RNA023531",90.68,0.675996965813261,"Run590"
"RNA023532",77.82,-1.22704763315815,"Run590"
"RNA023533",67.04,-2.82229030632392,"Run590"
"RNA023534",88.06,0.288284924654233,"Run590"
"RNA023535",90.84,0.699674037029079,"Run590"
"RNA023536",87.88,0.261648219536436,"Run590"
"RNA023537",90.41,0.636041908136566,"Run590"
"RNA023538",88.21,0.310482178919061,"Run590"
"RNA023539",87.62,0.223172978810732,"Run590"
"RNA023540",91.75,0.834337379569046,"Run590"
"RNA023541",68.53,-2.60179758062661,"Run590"
"RNA023542",81.57,-0.672116276537405,"Run590"
"RNA023543",64.51,-3.19668399492405,"Run590"
"RNA023544",86.87,0.112186707486583,"Run590"
"RNA023545",88.5,0.353396870497733,"Run590"
"RNA023546",84.68,-0.211893204779932,"Run590"
"RNA023547",74.74,-1.68283125406266,"Run590"
"RNA023549",86.7,0.0870298193197759,"Run590"
"RNA023550",82.36,-0.555210737409301,"Run590"
"RNA023551",92.65,0.967520905158026,"Run590"
"RNA023552",85.06,-0.155660160642364,"Run590"
"RNA023553",93.13,1.03855211880548,"Run590"
"RNA023554",82.48,-0.537452933997436,"Run590"
"RNA023555",90.06,0.584248314851964,"Run590"
"RNA023556",89.25,0.464383141821883,"Run590"
"RNA023559",90.17,0.600526301312837,"Run590"
"RNA023560",91.11,0.739629094705772,"Run590"
"RNA023561",90.86,0.702633670931056,"Run590"
"RNA023562",82.4,-0.549291469605347,"Run590"
"RNA023563",83.79,-0.343596913417924,"Run590"
"RNA023564",83.64,-0.365794167682753,"Run590"
"RNA023565",86.76,0.0959087210257082,"Run590"
"RNA023567",81.08,-0.744627307135849,"Run590"
"RNA023568",86.86,0.110706890535594,"Run590"
"RNA023569",84.97,-0.168978513201262,"Run590"
"RNA023570",93.5,1.09330534599206,"Run590"
"RNA023571",93.1,1.03411266795252,"Run590"
"RNA023572",84.65,-0.216332655632898,"Run590"
"RNA023573",88.99,0.425907901096179,"Run590"
"RNA023575",88.93,0.417028999390244,"Run598"
"RNA023576",88.49,0.351917053546746,"Run598"
"RNA023577",85.25,-0.127543638573579,"Run598"
"RNA023578",81.39,-0.6987529816552,"Run598"
"RNA023579",80.34,-0.854133761509009,"Run598"
"RNA023580",85.84,-0.0402344384652483,"Run598"
"RNA023581",87.34,0.181738104183048,"Run598"
"RNA023582",83.51,-0.385031788045607,"Run598"
"RNA023583",88.28,0.320840897575983,"Run598"
"RNA023585",89.58,0.513217101204508,"Run598"
"RNA023586",88.44,0.344517968791801,"Run598"
"RNA023587",88.38,0.335639067085871,"Run598"
"RNA023588",71.23,-2.20224700385967,"Run598"
"RNA023590",78.54,-1.12050081268697,"Run598"
"RNA023591",77.28,-1.30695774851154,"Run598"
"RNA023592",88.08,0.29124455855621,"Run598"
"RNA023593",90.58,0.661198796303373,"Run598"
"RNA023594",87.2,0.161020666869209,"Run598"
"RNA023595",81.52,-0.679515361292346,"Run598"
"RNA023596",86.61,0.0737114667608775,"Run598"
"RNA023597",68.12,-2.66247007561714,"Run598"
"RNA023598",87.21,0.162500483820196,"Run598"
"RNA023599",86.2,0.0130389717703432,"Run598"
"RNA023601",84.54,-0.232610642093773,"Run598"
"RNA023602",79.88,-0.922205341254488,"Run598"
"RNA023603",82.02,-0.605524513742913,"Run598"
"RNA023605",88.24,0.314921629772028,"Run598"
"RNA023606",63.81,-3.30027118149326,"Run598"
"RNA023607",76.49,-1.42386328763964,"Run598"
"RNA023608",58.08,-4.14820629440976,"Run598"
"RNA023609",90.67,0.674517148862272,"Run598"
"RNA023610",63.21,-3.38906019855258,"Run598"
"RNA023611",86.27,0.0233976904272628,"Run598"
"RNA023613",79.61,-0.962160398931181,"Run598"
"RNA023614",88.46,0.34747760269378,"Run598"
"RNA023615",78.15,-1.17821367377553,"Run598"
"RNA023617",85.67,-0.0653913266320557,"Run598"
"RNA023618",90.86,0.702633670931056,"Run598"
"RNA023619",87.07,0.141783046506357,"Run598"
"RNA023620",79.86,-0.925164975156465,"Run598"
"RNA023621",83.02,-0.457542818644048,"Run598"
"RNA023622",90.04,0.581288680949985,"Run598"
"RNA023623",87.47,0.200975724545902,"Run598"
"RNA023624",90.96,0.717431840440942,"Run598"
"RNA023625",77.85,-1.22260818230518,"Run598"
"RNA023626",87.16,0.155101399065255,"Run598"
"RNA023629",84.06,-0.303641855741229,"Run598"
"RNA023630",92.07,0.881691522000682,"Run598"
"RNA023631",91.78,0.838776830422012,"Run598"
"RNA023632",90.95,0.715952023489954,"Run598"
"RNA023633",90.79,0.692274952274136,"Run598"
"RNA023634",87.81,0.251289500879517,"Run598"
"RNA023635",89.43,0.491019846939677,"Run598"
"RNA023636",91.98,0.868373169441784,"Run598"
"RNA023637",89.84,0.551692341930214,"Run598"
"RNA023638",91.83,0.846175915176955,"Run598"
"RNA023639",84.18,-0.285884052329367,"Run598"
"RNA023640",87.58,0.217253711006777,"Run598"
"RNA023641",90.33,0.624203372528657,"Run598"
"RNA023642",88.47,0.348957419644767,"Run598"
"RNA023643",90.45,0.641961175940521,"Run598"
"RNA023644",87.69,0.233531697467652,"Run598"
"RNA023645",83.45,-0.393910689751537,"Run598"
"RNA023646",91,0.723351108244897,"Run598"
"RNA023647",82.56,-0.525614398389527,"Run598"
"RNA023654",90.73,0.683396050568204,"Run598"
